,ISO3,Name,Year,Conflict Stock Displacement,Conflict Stock Displacement (Raw),Conflict Internal Displacements,Conflict Internal Displacements (Raw),Disaster Internal Displacements,Disaster Internal Displacements (Raw),Disaster Stock Displacement,Disaster Stock Displacement (Raw)
1,AB9,Abyei Area,2014,20000,20000,0,0,0,0,0,0
2,AB9,Abyei Area,2015,82000,82000,0,0,0,0,0,0
3,AB9,Abyei Area,2016,20000,20000,0,0,0,0,0,0
4,AB9,Abyei Area,2017,31000,30874,0,0,0,0,0,0
5,AB9,Abyei Area,2018,31000,31024,150,150,2,2,0,0
6,AB9,Abyei Area,2019,31000,31024,0,0,40000,40000,26000,26000
7,AB9,Abyei Area,2020,19000,19000,4700,4742,0,0,0,0
8,AB9,Abyei Area,2021,15000,15000,600,600,0,0,0,0
9,ABW,Aruba,2021,0,0,0,0,0,0,0,0
10,AFG,Afghanistan,2008,0,0,0,0,3400,3430,0,0
11,AFG,Afghanistan,2009,297000,297000,0,0,28000,28435,0,0
12,AFG,Afghanistan,2010,352000,352000,102000,102000,71000,71000,0,0
13,AFG,Afghanistan,2011,450000,450000,186000,186000,3000,3000,0,0
14,AFG,Afghanistan,2012,492000,492000,100000,100400,30000,29519,0,0
15,AFG,Afghanistan,2013,631000,631000,124000,124000,15000,15170,0,0
16,AFG,Afghanistan,2014,805000,805409,156000,156193,13000,13125,0,0
17,AFG,Afghanistan,2015,1174000,1174306,335000,335409,71000,70948,0,0
18,AFG,Afghanistan,2016,1553000,1552707,653000,652594,7400,7394,0,0
19,AFG,Afghanistan,2017,1286000,1286483,474000,473892,27000,26871,0,0
20,AFG,Afghanistan,2018,2598000,2597897,372000,371779,435000,435448,0,0
21,AFG,Afghanistan,2019,2993000,2993384,461000,460692,117000,116558,1198000,1198137
22,AFG,Afghanistan,2020,3547000,3546858,404000,404139,46000,45845,1117000,1117175
23,AFG,Afghanistan,2021,4314000,4314287,723000,723082,25000,25046,1390000,1389521
24,AGO,Angola,2009,0,0,0,0,86000,86065,0,0
25,AGO,Angola,2010,0,0,0,0,79000,78875,0,0
26,AGO,Angola,2011,0,0,0,0,227000,227490,0,0
27,AGO,Angola,2012,0,0,0,0,6400,6361,0,0
28,AGO,Angola,2013,0,0,0,0,2500,2450,0,0
29,AGO,Angola,2015,0,0,0,0,5600,5595,0,0
30,AGO,Angola,2016,0,0,0,0,19000,19103,0,0
31,AGO,Angola,2017,0,0,0,0,14000,13923,0,0
32,AGO,Angola,2018,0,0,0,0,11000,11115,0,0
33,AGO,Angola,2019,0,0,0,0,6700,6675,1100,1090
34,AGO,Angola,2020,0,0,0,0,15000,14960,790,788
35,AGO,Angola,2021,0,0,0,0,22000,21727,7500,7464
36,AIA,Anguilla,2017,0,0,0,0,500,500,0,0
37,AIA,Anguilla,2021,0,0,0,0,0,0,0,0
38,ALA,Åland Islands,2021,0,0,0,0,0,0,0,0
39,ALB,Albania,2009,0,0,0,0,150,150,0,0
40,ALB,Albania,2010,0,0,0,0,0,0,0,0
41,ALB,Albania,2012,0,0,0,0,0,0,0,0
42,ALB,Albania,2013,0,0,0,0,450,454,0,0
43,ALB,Albania,2014,0,0,0,0,24,24,0,0
44,ALB,Albania,2015,0,0,0,0,4200,4165,0,0
45,ALB,Albania,2016,0,0,0,0,3100,3077,0,0
46,ALB,Albania,2017,0,0,0,0,3500,3508,0,0
47,ALB,Albania,2018,0,0,0,0,110,108,0,0
48,ALB,Albania,2019,0,0,0,0,33000,32745,32000,32000
49,ALB,Albania,2020,0,0,0,0,0,0,17000,17000
50,ALB,Albania,2021,0,0,0,0,250,251,0,0
51,AND,Andorra,2021,0,0,0,0,0,0,0,0
52,ARE,United Arab Emirates,2017,0,0,0,0,850,845,0,0
53,ARE,United Arab Emirates,2019,0,0,0,0,220,220,20,20
54,ARE,United Arab Emirates,2020,0,0,0,0,610,605,0,0
55,ARE,United Arab Emirates,2021,0,0,0,0,40,40,0,0
56,ARG,Argentina,2008,0,0,0,0,640,635,0,0
57,ARG,Argentina,2009,0,0,0,0,0,0,0,0
58,ARG,Argentina,2010,0,0,0,0,0,0,0,0
59,ARG,Argentina,2011,0,0,0,0,0,0,0,0
60,ARG,Argentina,2012,0,0,0,0,2000,2000,0,0
61,ARG,Argentina,2013,0,0,0,0,6900,6900,0,0
62,ARG,Argentina,2014,0,0,0,0,32000,32128,0,0
63,ARG,Argentina,2015,0,0,0,0,36000,36255,0,0
64,ARG,Argentina,2016,0,0,0,0,12000,12220,0,0
65,ARG,Argentina,2017,0,0,0,0,27000,26764,0,0
66,ARG,Argentina,2018,0,0,0,0,16000,15804,0,0
67,ARG,Argentina,2019,0,0,0,0,23000,22785,0,0
68,ARG,Argentina,2020,0,0,0,0,3700,3656,16,16
69,ARG,Argentina,2021,0,0,0,0,710,709,0,0
70,ARM,Armenia,2009,8400,8400,0,0,0,0,0,0
71,ARM,Armenia,2010,8400,8400,0,0,0,0,0,0
72,ARM,Armenia,2011,8400,8400,0,0,0,0,0,0
73,ARM,Armenia,2012,8400,8400,0,0,0,0,0,0
74,ARM,Armenia,2013,8400,8400,0,0,0,0,0,0
75,ARM,Armenia,2014,8400,8400,0,0,0,0,0,0
76,ARM,Armenia,2015,8400,8400,0,0,0,0,0,0
77,ARM,Armenia,2016,8400,8400,0,0,0,0,0,0
78,ARM,Armenia,2017,0,0,0,0,0,0,0,0
79,ARM,Armenia,2018,0,0,0,0,0,0,0,0
80,ARM,Armenia,2020,800,800,800,800,0,0,2700,2670
81,ARM,Armenia,2021,800,800,0,0,0,0,0,0
82,ASM,American Samoa,2009,0,0,0,0,0,0,0,0
83,ASM,American Samoa,2018,0,0,0,0,4600,4600,0,0
84,ASM,American Samoa,2020,0,0,0,0,390,394,11,11
85,ASM,American Samoa,2021,0,0,0,0,0,0,0,0
86,ATA,Antarctica,2021,0,0,0,0,0,0,0,0
87,ATF,French Southern Territories,2021,0,0,0,0,0,0,0,0
88,ATG,Antigua and Barbuda,2008,0,0,0,0,45,45,0,0
89,ATG,Antigua and Barbuda,2010,0,0,0,0,0,0,0,0
90,ATG,Antigua and Barbuda,2017,0,0,0,0,1400,1423,0,0
91,ATG,Antigua and Barbuda,2021,0,0,0,0,0,0,0,0
92,AUS,Australia,2008,0,0,0,0,1000,1000,0,0
93,AUS,Australia,2009,0,0,0,0,7500,7500,0,0
94,AUS,Australia,2010,0,0,0,0,1000,1000,0,0
95,AUS,Australia,2011,0,0,0,0,10000,10000,0,0
96,AUS,Australia,2012,0,0,0,0,16000,16000,0,0
97,AUS,Australia,2013,0,0,0,0,13000,12734,0,0
98,AUS,Australia,2014,0,0,0,0,1200,1166,0,0
99,AUS,Australia,2015,0,0,0,0,5700,5713,0,0
100,AUS,Australia,2016,0,0,0,0,3200,3234,0,0
101,AUS,Australia,2017,0,0,0,0,31000,30939,0,0
102,AUS,Australia,2018,0,0,0,0,11000,11255,0,0
103,AUS,Australia,2019,0,0,0,0,25000,24841,15000,14511
104,AUS,Australia,2020,0,0,0,0,51000,51433,5100,5072
105,AUS,Australia,2021,0,0,0,0,49000,48939,220,224
106,AUT,Austria,2008,0,0,0,0,0,0,0,0
107,AUT,Austria,2013,0,0,0,0,1000,1000,0,0
108,AUT,Austria,2016,0,0,0,0,250,254,0,0
109,AUT,Austria,2019,0,0,0,0,270,273,0,0
110,AUT,Austria,2021,0,0,0,0,56,56,0,0
111,AZE,Azerbaijan,2009,586000,586013,0,0,200,200,0,0
112,AZE,Azerbaijan,2010,593000,592860,0,0,32000,31665,0,0
113,AZE,Azerbaijan,2011,599000,599192,0,0,0,0,0,0
114,AZE,Azerbaijan,2012,600000,600336,0,0,36000,36000,0,0
115,AZE,Azerbaijan,2013,543000,543400,0,0,0,0,0,0
116,AZE,Azerbaijan,2014,569000,568892,0,0,0,0,0,0
117,AZE,Azerbaijan,2015,564000,564220,0,0,0,0,0,0
118,AZE,Azerbaijan,2016,582000,582307,0,0,0,0,0,0
119,AZE,Azerbaijan,2017,643000,642982,0,0,0,0,0,0
120,AZE,Azerbaijan,2018,644000,643625,0,0,390,390,0,0
121,AZE,Azerbaijan,2019,651000,651458,0,0,140,136,140,136
122,AZE,Azerbaijan,2020,735000,735455,84000,83997,0,0,0,0
123,AZE,Azerbaijan,2021,655000,654839,0,0,0,0,0,0
124,BDI,Burundi,2008,0,0,0,0,2800,2770,0,0
125,BDI,Burundi,2009,100000,100000,0,0,0,0,0,0
126,BDI,Burundi,2010,100000,100000,0,0,1500,1500,0,0
127,BDI,Burundi,2011,79000,78800,0,0,0,0,0,0
128,BDI,Burundi,2012,79000,78800,0,0,0,0,0,0
129,BDI,Burundi,2013,79000,78900,0,0,0,0,0,0
130,BDI,Burundi,2014,78000,77600,0,0,13000,12500,0,0
131,BDI,Burundi,2015,99000,99300,23000,22844,3100,3077,0,0
132,BDI,Burundi,2016,59000,59313,16000,16213,6600,6556,0,0
133,BDI,Burundi,2017,57000,57258,14000,13630,11000,10952,0,0
134,BDI,Burundi,2018,49000,48695,5100,5054,35000,34907,0,0
135,BDI,Burundi,2019,23000,23468,530,533,27000,27066,12000,11608
136,BDI,Burundi,2020,22000,21765,310,310,51000,51103,76000,75866
137,BDI,Burundi,2021,19000,19083,94,94,87000,86885,94000,94325
138,BEL,Belgium,2008,0,0,0,0,0,0,0,0
139,BEL,Belgium,2010,0,0,0,0,0,0,0,0
140,BEL,Belgium,2011,0,0,0,0,0,0,0,0
141,BEL,Belgium,2018,0,0,0,0,50,50,0,0
142,BEL,Belgium,2019,0,0,0,0,10,10,0,0
143,BEL,Belgium,2021,0,0,0,0,16000,16077,1900,1900
144,BEN,Benin,2008,0,0,0,0,150000,150000,0,0
145,BEN,Benin,2009,0,0,0,0,40000,40000,0,0
146,BEN,Benin,2010,0,0,0,0,275000,275000,0,0
147,BEN,Benin,2011,0,0,0,0,0,0,0,0
148,BEN,Benin,2012,0,0,0,0,10000,10292,0,0
149,BEN,Benin,2013,0,0,0,0,15000,15456,0,0
150,BEN,Benin,2016,0,0,0,0,960,960,0,0
151,BEN,Benin,2017,0,0,0,0,3500,3528,0,0
152,BEN,Benin,2018,3500,3494,3500,3494,23000,22562,0,0
153,BEN,Benin,2019,3700,3679,190,185,5000,5000,0,0
154,BEN,Benin,2020,3500,3494,0,0,7000,7020,2500,2549
155,BEN,Benin,2021,2700,2701,0,0,10000,10000,0,0
156,BES,"Bonaire, Sint Eustatius and Saba",2021,0,0,0,0,0,0,0,0
157,BFA,Burkina Faso,2008,0,0,0,0,28000,28000,0,0
158,BFA,Burkina Faso,2009,0,0,0,0,150000,150000,0,0
159,BFA,Burkina Faso,2010,0,0,0,0,20000,20000,0,0
160,BFA,Burkina Faso,2013,0,0,0,0,1800,1763,0,0
161,BFA,Burkina Faso,2015,0,0,0,0,3700,3699,0,0
162,BFA,Burkina Faso,2016,700,700,700,700,18000,17868,0,0
163,BFA,Burkina Faso,2017,4900,4911,4900,4911,8200,8217,0,0
164,BFA,Burkina Faso,2018,47000,47029,42000,42118,5100,5112,0,0
165,BFA,Burkina Faso,2019,560000,560033,513000,513004,0,0,0,0
166,BFA,Burkina Faso,2020,1075000,1074993,515000,514960,20000,19747,20000,19747
167,BFA,Burkina Faso,2021,1580000,1579976,682000,682245,0,0,0,0
168,BGD,Bangladesh,2008,0,0,0,0,61000,61347,0,0
169,BGD,Bangladesh,2009,426000,426490,5000,5000,1342000,1342000,0,0
170,BGD,Bangladesh,2010,426000,426490,3500,3500,569000,569000,0,0
171,BGD,Bangladesh,2011,426000,426490,600,600,400000,400000,0,0
172,BGD,Bangladesh,2012,426000,426490,5000,5000,651000,650788,0,0
173,BGD,Bangladesh,2013,426000,426490,0,0,1160000,1159829,0,0
174,BGD,Bangladesh,2014,426000,426490,0,0,543000,543000,0,0
175,BGD,Bangladesh,2015,426000,426438,0,0,531000,531099,0,0
176,BGD,Bangladesh,2016,426000,426438,0,0,614000,613710,0,0
177,BGD,Bangladesh,2017,432000,432000,6000,6000,946000,946119,0,0
178,BGD,Bangladesh,2018,426000,426070,300,300,78000,77789,0,0
179,BGD,Bangladesh,2019,427000,426561,520,520,4086000,4086203,88000,88199
180,BGD,Bangladesh,2020,427000,426763,230,231,4443000,4443088,345000,345033
181,BGD,Bangladesh,2021,427000,426914,150,151,99000,98770,42000,41950
182,BGR,Bulgaria,2008,0,0,0,0,0,0,0,0
183,BGR,Bulgaria,2010,0,0,0,0,0,0,0,0
184,BGR,Bulgaria,2012,0,0,0,0,2100,2100,0,0
185,BGR,Bulgaria,2014,0,0,0,0,2300,2300,0,0
186,BGR,Bulgaria,2015,0,0,0,0,820,817,0,0
187,BGR,Bulgaria,2016,0,0,0,0,24,24,0,0
188,BGR,Bulgaria,2017,0,0,0,0,22,22,0,0
189,BGR,Bulgaria,2018,0,0,0,0,50,50,0,0
190,BGR,Bulgaria,2021,0,0,0,0,25,25,0,0
191,BHR,Bahrain,2021,0,0,0,0,0,0,0,0
192,BHS,Bahamas,2008,0,0,0,0,500,500,0,0
193,BHS,Bahamas,2011,0,0,0,0,0,0,0,0
194,BHS,Bahamas,2015,0,0,0,0,2800,2842,0,0
195,BHS,Bahamas,2016,0,0,0,0,3500,3500,0,0
196,BHS,Bahamas,2017,0,0,0,0,1600,1565,0,0
197,BHS,Bahamas,2018,0,0,0,0,230,230,0,0
198,BHS,Bahamas,2019,0,0,0,0,9800,9840,600,600
199,BHS,Bahamas,2020,0,0,0,0,0,0,250,250
200,BHS,Bahamas,2021,0,0,0,0,0,0,0,0
201,BIH,Bosnia and Herzegovina,2009,114000,113600,0,0,0,0,0,0
202,BIH,Bosnia and Herzegovina,2010,113000,113365,0,0,0,0,0,0
203,BIH,Bosnia and Herzegovina,2011,113000,113000,0,0,0,0,0,0
204,BIH,Bosnia and Herzegovina,2012,103000,103449,0,0,0,0,0,0
205,BIH,Bosnia and Herzegovina,2013,103000,103400,0,0,0,0,0,0
206,BIH,Bosnia and Herzegovina,2014,100000,100400,0,0,91000,90621,0,0
207,BIH,Bosnia and Herzegovina,2015,98000,98300,0,0,320,320,0,0
208,BIH,Bosnia and Herzegovina,2016,98000,98300,0,0,0,0,0,0
209,BIH,Bosnia and Herzegovina,2017,99000,98574,0,0,0,0,0,0
210,BIH,Bosnia and Herzegovina,2018,99000,98574,0,0,0,0,0,0
211,BIH,Bosnia and Herzegovina,2019,99000,98574,0,0,270,274,0,0
212,BIH,Bosnia and Herzegovina,2020,99000,98574,0,0,910,905,0,0
213,BIH,Bosnia and Herzegovina,2021,92000,91734,0,0,310,314,0,0
214,BLM,Saint Barthélemy,2021,0,0,0,0,0,0,0,0
215,BLR,Belarus,2021,0,0,0,0,0,0,0,0
216,BLZ,Belize,2008,0,0,0,0,400,400,0,0
217,BLZ,Belize,2013,0,0,0,0,130,126,0,0
218,BLZ,Belize,2015,0,0,0,0,250,252,0,0
219,BLZ,Belize,2016,0,0,0,0,3500,3500,0,0
220,BLZ,Belize,2020,0,0,0,0,6300,6273,0,0
221,BLZ,Belize,2021,0,0,0,0,0,0,0,0
222,BMU,Bermuda,2020,0,0,0,0,50,50,0,0
223,BMU,Bermuda,2021,0,0,0,0,0,0,0,0
224,BOL,Bolivia,2008,0,0,0,0,0,0,0,0
225,BOL,Bolivia,2009,0,0,0,0,630,630,0,0
226,BOL,Bolivia,2010,0,0,0,0,100000,100300,0,0
227,BOL,Bolivia,2011,0,0,0,0,11000,11000,0,0
228,BOL,Bolivia,2012,0,0,0,0,9000,9000,0,0
229,BOL,Bolivia,2013,0,0,0,0,4700,4709,0,0
230,BOL,Bolivia,2014,0,0,0,0,190000,190183,0,0
231,BOL,Bolivia,2015,0,0,0,0,11000,11332,0,0
232,BOL,Bolivia,2016,0,0,0,0,7000,6967,0,0
233,BOL,Bolivia,2017,0,0,0,0,3100,3063,0,0
234,BOL,Bolivia,2018,0,0,0,0,2400,2388,0,0
235,BOL,Bolivia,2019,31,31,31,31,77000,76749,1900,1885
236,BOL,Bolivia,2020,0,0,0,0,13000,13481,13000,12967
237,BOL,Bolivia,2021,0,0,0,0,910,906,310,313
238,BRA,Brazil,2008,0,0,0,0,309000,309435,0,0
239,BRA,Brazil,2009,0,0,0,0,523000,522950,0,0
240,BRA,Brazil,2010,0,0,0,0,230000,230497,0,0
241,BRA,Brazil,2011,0,0,0,0,170000,169500,0,0
242,BRA,Brazil,2012,0,0,0,0,35000,35000,0,0
243,BRA,Brazil,2013,0,0,0,0,82000,82255,0,0
244,BRA,Brazil,2014,0,0,0,0,150000,150313,0,0
245,BRA,Brazil,2015,0,0,0,0,59000,59472,0,0
246,BRA,Brazil,2016,0,0,0,0,14000,13562,0,0
247,BRA,Brazil,2017,0,0,0,0,71000,70867,0,0
248,BRA,Brazil,2018,0,0,0,0,86000,85916,0,0
249,BRA,Brazil,2019,0,0,0,0,295000,294970,1400,1425
250,BRA,Brazil,2020,0,0,0,0,358000,357843,20000,19701
251,BRA,Brazil,2021,21000,20689,21000,21468,449000,448900,26000,26018
252,BRB,Barbados,2010,0,0,0,0,0,0,0,0
253,BRB,Barbados,2016,0,0,0,0,90,90,0,0
254,BRB,Barbados,2019,0,0,0,0,100,102,100,102
255,BRB,Barbados,2021,0,0,0,0,380,376,380,376
256,BRN,Brunei Darussalam,2014,0,0,0,0,51,51,0,0
257,BRN,Brunei Darussalam,2017,0,0,0,0,94,94,0,0
258,BRN,Brunei Darussalam,2021,0,0,0,0,0,0,0,0
259,BTN,Bhutan,2009,0,0,0,0,0,0,0,0
260,BTN,Bhutan,2011,0,0,0,0,20000,20000,0,0
261,BTN,Bhutan,2015,0,0,0,0,2900,2851,0,0
262,BTN,Bhutan,2016,0,0,0,0,690,694,0,0
263,BTN,Bhutan,2020,0,0,0,0,120,120,0,0
264,BTN,Bhutan,2021,0,0,0,0,0,0,0,0
265,BVT,Bouvet Island,2021,0,0,0,0,0,0,0,0
266,BWA,Botswana,2009,0,0,0,0,870,867,0,0
267,BWA,Botswana,2011,0,0,0,0,0,0,0,0
268,BWA,Botswana,2013,0,0,0,0,1200,1241,0,0
269,BWA,Botswana,2014,0,0,0,0,2000,2000,0,0
270,BWA,Botswana,2015,0,0,0,0,250,250,0,0
271,BWA,Botswana,2017,0,0,0,0,2000,1950,0,0
272,BWA,Botswana,2018,0,0,0,0,1600,1634,0,0
273,BWA,Botswana,2020,0,0,0,0,780,780,780,780
274,BWA,Botswana,2021,0,0,0,0,0,0,0,0
275,CAF,Central African Republic,2008,0,0,0,0,14000,14000,0,0
276,CAF,Central African Republic,2009,162000,162000,15000,15000,15000,14835,0,0
277,CAF,Central African Republic,2010,192000,192000,24000,24000,0,0,0,0
278,CAF,Central African Republic,2011,105000,105206,22000,22180,0,0,0,0
279,CAF,Central African Republic,2012,132000,132000,106000,106000,18000,17570,0,0
280,CAF,Central African Republic,2013,935000,935000,935000,935000,14000,14465,0,0
281,CAF,Central African Republic,2014,439000,438500,173000,172700,940,944,0,0
282,CAF,Central African Republic,2015,452000,451986,210000,209793,1100,1109,0,0
283,CAF,Central African Republic,2016,412000,411785,46000,46205,7500,7464,0,0
284,CAF,Central African Republic,2017,689000,688700,539000,539438,2900,2868,0,0
285,CAF,Central African Republic,2018,641000,640969,510000,509687,9300,9279,0,0
286,CAF,Central African Republic,2019,592000,592365,96000,95981,102000,101838,95000,95000
287,CAF,Central African Republic,2020,682000,681930,318000,317619,15000,15025,4200,4242
288,CAF,Central African Republic,2021,692000,691791,496000,495600,24000,23589,36000,36232
289,CAN,Canada,2008,0,0,0,0,2000,2030,0,0
290,CAN,Canada,2009,0,0,0,0,0,0,0,0
291,CAN,Canada,2011,0,0,0,0,0,0,0,0
292,CAN,Canada,2013,0,0,0,0,120000,120240,0,0
293,CAN,Canada,2014,0,0,0,0,5800,5800,0,0
294,CAN,Canada,2015,0,0,0,0,13000,13300,0,0
295,CAN,Canada,2016,0,0,0,0,93000,92729,0,0
296,CAN,Canada,2017,0,0,0,0,85000,85416,0,0
297,CAN,Canada,2018,0,0,0,0,19000,18794,0,0
298,CAN,Canada,2019,0,0,0,0,41000,41026,6800,6840
299,CAN,Canada,2020,0,0,0,0,26000,25678,18,18
300,CAN,Canada,2021,0,0,0,0,60000,59673,1900,1940
301,CCK,Cocos (Keeling) Islands,2021,0,0,0,0,0,0,0,0
302,CHE,Switzerland,2011,0,0,0,0,0,0,0,0
303,CHE,Switzerland,2013,0,0,0,0,13,13,0,0
304,CHE,Switzerland,2015,0,0,0,0,360,360,0,0
305,CHE,Switzerland,2017,0,0,0,0,160,160,0,0
306,CHE,Switzerland,2018,0,0,0,0,18,18,0,0
307,CHE,Switzerland,2019,0,0,0,0,10,10,0,0
308,CHE,Switzerland,2020,0,0,0,0,13,13,0,0
309,CHE,Switzerland,2021,0,0,0,0,140,144,13,13
310,CHL,Chile,2008,0,0,0,0,43000,43000,0,0
311,CHL,Chile,2009,0,0,0,0,700,697,0,0
312,CHL,Chile,2010,0,0,0,0,2000000,2000000,0,0
313,CHL,Chile,2011,0,0,0,0,4000,4000,0,0
314,CHL,Chile,2012,0,0,0,0,7300,7300,0,0
315,CHL,Chile,2013,0,0,0,0,3600,3640,0,0
316,CHL,Chile,2014,0,0,0,0,985000,985202,0,0
317,CHL,Chile,2015,0,0,0,0,1047000,1046819,0,0
318,CHL,Chile,2016,0,0,0,0,16000,16418,0,0
319,CHL,Chile,2017,0,0,0,0,8300,8314,0,0
320,CHL,Chile,2018,0,0,0,0,2500,2518,0,0
321,CHL,Chile,2019,0,0,0,0,3900,3895,1600,1569
322,CHL,Chile,2020,0,0,0,0,3400,3426,210,213
323,CHL,Chile,2021,0,0,0,0,2500,2486,1400,1389
324,CHN,China,2008,0,0,0,0,18660000,18659649,0,0
325,CHN,China,2009,0,0,0,0,4031000,4030507,0,0
326,CHN,China,2010,0,0,0,0,15920000,15920060,0,0
327,CHN,China,2011,0,0,0,0,4490000,4489545,0,0
328,CHN,China,2012,0,0,0,0,5731000,5730800,0,0
329,CHN,China,2013,0,0,0,0,5924000,5924143,0,0
330,CHN,China,2014,0,0,0,0,3612000,3611522,0,0
331,CHN,China,2015,0,0,0,0,3602000,3602368,0,0
332,CHN,China,2016,0,0,0,0,7434000,7434305,0,0
333,CHN,China,2017,0,0,0,0,4473000,4473319,0,0
334,CHN,China,2018,0,0,0,0,3762000,3762370,0,0
335,CHN,China,2019,0,0,0,0,4034000,4033553,220000,220356
336,CHN,China,2020,0,0,0,0,5074000,5074039,158000,157542
337,CHN,China,2021,0,0,0,0,6037000,6037150,943000,942638
338,CIV,Côte d'Ivoire,2009,342000,342000,500,500,10000,10000,0,0
339,CIV,Côte d'Ivoire,2010,522000,521836,2700,2736,0,0,0,0
340,CIV,Côte d'Ivoire,2011,247000,247000,1000000,1000000,0,0,0,0
341,CIV,Côte d'Ivoire,2012,80000,80000,24000,24000,0,0,0,0
342,CIV,Côte d'Ivoire,2013,80000,80000,30000,29500,78,78,0,0
343,CIV,Côte d'Ivoire,2014,301000,300900,5500,5500,4500,4500,0,0
344,CIV,Côte d'Ivoire,2015,303000,303150,3200,3150,0,0,0,0
345,CIV,Côte d'Ivoire,2016,301000,300889,0,0,0,0,0,0
346,CIV,Côte d'Ivoire,2017,16000,15806,5500,5483,0,0,0,0
347,CIV,Côte d'Ivoire,2018,302000,302305,700,700,3200,3171,0,0
348,CIV,Côte d'Ivoire,2019,303000,302733,330,328,720,718,440,440
349,CIV,Côte d'Ivoire,2020,308000,307535,15000,14670,1900,1865,70,70
350,CIV,Côte d'Ivoire,2021,302000,301705,0,0,0,0,0,0
351,CMR,Cameroon,2008,0,0,0,0,1000,1000,0,0
352,CMR,Cameroon,2010,0,0,0,0,3000,3000,0,0
353,CMR,Cameroon,2012,0,0,0,0,30000,30000,0,0
354,CMR,Cameroon,2013,0,0,0,0,10000,10000,0,0
355,CMR,Cameroon,2014,40000,40000,40000,40000,3500,3500,0,0
356,CMR,Cameroon,2015,124000,123959,71000,70539,11000,11275,0,0
357,CMR,Cameroon,2016,177000,176555,83000,82981,0,0,0,0
358,CMR,Cameroon,2017,239000,239337,119000,119377,0,0,0,0
359,CMR,Cameroon,2018,668000,667982,459000,458607,0,0,0,0
360,CMR,Cameroon,2019,969000,968849,67000,66569,24000,23719,28000,28264
361,CMR,Cameroon,2020,1003000,1002910,123000,122643,116000,115982,30000,29956
362,CMR,Cameroon,2021,909000,908961,131000,131452,1800,1764,28000,27806
363,COD,Dem. Rep. Congo,2008,0,0,0,0,5100,5075,0,0
364,COD,Dem. Rep. Congo,2009,1900000,1900000,1000000,1000000,130,125,0,0
365,COD,Dem. Rep. Congo,2010,1700000,1700000,400000,400000,98000,98230,0,0
366,COD,Dem. Rep. Congo,2011,1710000,1710000,168000,168000,12000,11600,0,0
367,COD,Dem. Rep. Congo,2012,2700000,2700000,1000000,1000000,23000,23000,0,0
368,COD,Dem. Rep. Congo,2013,2964000,2963700,1000000,1000000,3800,3816,0,0
369,COD,Dem. Rep. Congo,2014,2757000,2756600,1003000,1003400,24000,24103,0,0
370,COD,Dem. Rep. Congo,2015,1500000,1500000,621000,621000,106000,106488,0,0
371,COD,Dem. Rep. Congo,2016,2230000,2230157,922000,922100,130000,130211,0,0
372,COD,Dem. Rep. Congo,2017,4480000,4479750,2166000,2165767,27000,27381,0,0
373,COD,Dem. Rep. Congo,2018,3081000,3081387,1840000,1839616,81000,81393,0,0
374,COD,Dem. Rep. Congo,2019,5512000,5512073,1672000,1671769,233000,232930,168000,168297
375,COD,Dem. Rep. Congo,2020,5268000,5267918,2209000,2208890,279000,279156,64000,64466
376,COD,Dem. Rep. Congo,2021,5339000,5339000,2712000,2711783,888000,888136,201000,201000
377,COG,Congo,2009,7800,7800,0,0,0,0,0,0
378,COG,Congo,2010,7800,7800,0,0,0,0,0,0
379,COG,Congo,2011,7800,7800,0,0,0,0,0,0
380,COG,Congo,2012,7800,7800,0,0,0,0,0,0
381,COG,Congo,2013,7800,7800,0,0,0,0,0,0
382,COG,Congo,2014,7800,7800,0,0,0,0,0,0
383,COG,Congo,2015,7800,7800,0,0,0,0,0,0
384,COG,Congo,2016,33000,33103,25000,25303,0,0,0,0
385,COG,Congo,2017,108000,107828,86000,85828,0,0,0,0
386,COG,Congo,2018,107000,107383,0,0,0,0,0,0
387,COG,Congo,2019,134000,134432,2,2,166000,166244,107000,106522
388,COG,Congo,2020,134000,134430,0,0,0,0,107000,106522
389,COG,Congo,2021,57000,57072,0,0,6700,6653,100,101
390,COK,Cook Islands,2010,0,0,0,0,650,652,0,0
391,COK,Cook Islands,2016,0,0,0,0,6,6,0,0
392,COK,Cook Islands,2021,0,0,0,0,12,12,0,0
393,COL,Colombia,2008,0,0,0,0,63000,63100,0,0
394,COL,Colombia,2009,4916000,4915579,286000,286389,9100,9093,0,0
395,COL,Colombia,2010,5196000,5195620,280000,280041,3000000,3000000,0,0
396,COL,Colombia,2011,5281000,5281360,103000,102956,149000,149000,0,0
397,COL,Colombia,2012,5455000,5454766,230000,230000,71000,71200,0,0
398,COL,Colombia,2013,5700000,5700000,157000,156918,11000,11410,0,0
399,COL,Colombia,2014,6044000,6044151,137000,137214,20000,20295,0,0
400,COL,Colombia,2015,6270000,6270436,224000,224324,4600,4649,0,0
401,COL,Colombia,2016,7246000,7245689,171000,170946,31000,30839,0,0
402,COL,Colombia,2017,6509000,6509223,139000,139359,25000,25161,0,0
403,COL,Colombia,2018,5761000,5760741,145000,145287,67000,66514,0,0
404,COL,Colombia,2019,5576000,5575987,139000,139065,35000,34857,1600,1575
405,COL,Colombia,2020,4922000,4922122,106000,105805,64000,63565,21000,20626
406,COL,Colombia,2021,5235000,5235074,134000,133848,32000,31707,1400,1420
407,COM,Comoros,2009,0,0,0,0,0,0,0,0
408,COM,Comoros,2012,0,0,0,0,11000,11000,0,0
409,COM,Comoros,2014,0,0,0,0,12000,11986,0,0
410,COM,Comoros,2017,0,0,0,0,94,94,0,0
411,COM,Comoros,2019,0,0,0,0,19000,19372,19000,19000
412,COM,Comoros,2021,0,0,0,0,0,0,0,0
413,CPV,Cabo Verde,2014,0,0,0,0,2500,2500,0,0
414,CPV,Cabo Verde,2015,0,0,0,0,190,190,0,0
415,CPV,Cabo Verde,2016,0,0,0,0,300,300,0,0
416,CPV,Cabo Verde,2020,0,0,0,0,750,750,0,0
417,CPV,Cabo Verde,2021,0,0,0,0,0,0,0,0
418,CRI,Costa Rica,2008,0,0,0,0,12000,12159,0,0
419,CRI,Costa Rica,2009,0,0,0,0,2400,2358,0,0
420,CRI,Costa Rica,2010,0,0,0,0,0,0,0,0
421,CRI,Costa Rica,2011,0,0,0,0,2100,2120,0,0
422,CRI,Costa Rica,2012,0,0,0,0,2000,2000,0,0
423,CRI,Costa Rica,2013,0,0,0,0,65,65,0,0
424,CRI,Costa Rica,2015,0,0,0,0,1100,1057,0,0
425,CRI,Costa Rica,2016,0,0,0,0,5800,5800,0,0
426,CRI,Costa Rica,2017,0,0,0,0,11000,10678,0,0
427,CRI,Costa Rica,2018,0,0,0,0,5800,5765,0,0
428,CRI,Costa Rica,2019,0,0,0,0,390,389,0,0
429,CRI,Costa Rica,2020,0,0,0,0,4200,4219,530,532
430,CRI,Costa Rica,2021,0,0,0,0,290,290,0,0
431,CUB,Cuba,2008,0,0,0,0,2730000,2730000,0,0
432,CUB,Cuba,2012,0,0,0,0,352000,351730,0,0
433,CUB,Cuba,2015,0,0,0,0,2000,2000,0,0
434,CUB,Cuba,2016,0,0,0,0,1079000,1079214,0,0
435,CUB,Cuba,2017,0,0,0,0,1738000,1738000,0,0
436,CUB,Cuba,2018,0,0,0,0,52000,52400,0,0
437,CUB,Cuba,2019,0,0,0,0,9900,9916,2100,2117
438,CUB,Cuba,2020,0,0,0,0,639000,639431,3,3
439,CUB,Cuba,2021,0,0,0,0,194000,193742,0,0
440,CUW,Curaçao,2021,0,0,0,0,0,0,0,0
441,CXR,Christmas Island,2021,0,0,0,0,0,0,0,0
442,CYM,Cayman Islands,2008,0,0,0,0,720,715,0,0
443,CYM,Cayman Islands,2021,0,0,0,0,41,41,0,0
444,CYP,Cyprus,2009,201000,201000,0,0,0,0,0,0
445,CYP,Cyprus,2010,208000,208000,0,0,0,0,0,0
446,CYP,Cyprus,2011,208000,208000,0,0,0,0,0,0
447,CYP,Cyprus,2012,210000,210000,0,0,0,0,0,0
448,CYP,Cyprus,2013,212000,212400,0,0,0,0,0,0
449,CYP,Cyprus,2014,212000,212400,0,0,0,0,0,0
450,CYP,Cyprus,2015,272000,272400,0,0,0,0,0,0
451,CYP,Cyprus,2016,272000,272000,0,0,40,40,0,0
452,CYP,Cyprus,2017,217000,216867,0,0,0,0,0,0
453,CYP,Cyprus,2018,228000,228125,0,0,8,8,0,0
454,CYP,Cyprus,2019,228000,228125,0,0,0,0,0,0
455,CYP,Cyprus,2020,228000,228125,0,0,0,0,0,0
456,CYP,Cyprus,2021,242000,242481,0,0,59,59,59,59
457,CZE,Czech Republic,2009,0,0,0,0,0,0,0,0
458,CZE,Czech Republic,2010,0,0,0,0,0,0,0,0
459,CZE,Czech Republic,2013,0,0,0,0,26000,26438,0,0
460,CZE,Czech Republic,2018,0,0,0,0,12,12,0,0
461,CZE,Czech Republic,2020,0,0,0,0,43,43,0,0
462,CZE,Czech Republic,2021,0,0,0,0,2800,2780,460,460
463,DEU,Germany,2010,0,0,0,0,0,0,0,0
464,DEU,Germany,2011,0,0,0,0,0,0,0,0
465,DEU,Germany,2013,0,0,0,0,53000,52549,0,0
466,DEU,Germany,2016,0,0,0,0,2000,2000,0,0
467,DEU,Germany,2017,0,0,0,0,220,218,0,0
468,DEU,Germany,2018,0,0,0,0,510,509,0,0
469,DEU,Germany,2019,0,0,0,0,680,680,0,0
470,DEU,Germany,2020,0,0,0,0,2,2,0,0
471,DEU,Germany,2021,0,0,0,0,17000,17340,740,740
472,DJI,Djibouti,2018,0,0,0,0,9400,9365,0,0
473,DJI,Djibouti,2019,0,0,0,0,10000,10000,0,0
474,DJI,Djibouti,2020,0,0,0,0,11,11,11,11
475,DJI,Djibouti,2021,0,0,0,0,0,0,0,0
476,DMA,Dominica,2011,0,0,0,0,96,96,0,0
477,DMA,Dominica,2013,0,0,0,0,18,18,0,0
478,DMA,Dominica,2015,0,0,0,0,710,709,0,0
479,DMA,Dominica,2017,0,0,0,0,35000,34798,0,0
480,DMA,Dominica,2018,0,0,0,0,350,350,0,0
481,DMA,Dominica,2021,0,0,0,0,0,0,0,0
482,DNK,Denmark,2021,0,0,0,0,0,0,0,0
483,DOM,Dominican Republic,2008,0,0,0,0,8900,8925,0,0
484,DOM,Dominican Republic,2009,0,0,0,0,0,0,0,0
485,DOM,Dominican Republic,2010,0,0,0,0,0,0,0,0
486,DOM,Dominican Republic,2011,0,0,0,0,17000,16900,0,0
487,DOM,Dominican Republic,2012,0,0,0,0,43000,43383,0,0
488,DOM,Dominican Republic,2013,0,0,0,0,14000,14183,0,0
489,DOM,Dominican Republic,2014,0,0,0,0,11000,11441,0,0
490,DOM,Dominican Republic,2015,0,0,0,0,28000,27760,0,0
491,DOM,Dominican Republic,2016,0,0,0,0,52000,52324,0,0
492,DOM,Dominican Republic,2017,0,0,0,0,69000,68789,0,0
493,DOM,Dominican Republic,2018,0,0,0,0,27000,27184,0,0
494,DOM,Dominican Republic,2019,0,0,0,0,4900,4890,18,18
495,DOM,Dominican Republic,2020,0,0,0,0,31000,31170,3700,3707
496,DOM,Dominican Republic,2021,0,0,0,0,10000,10388,0,0
497,DZA,Algeria,2008,0,0,0,0,25000,25000,0,0
498,DZA,Algeria,2009,0,0,0,0,2500,2500,0,0
499,DZA,Algeria,2010,0,0,0,0,0,0,0,0
500,DZA,Algeria,2011,0,0,0,0,0,0,0,0
501,DZA,Algeria,2012,0,0,0,0,0,0,0,0
502,DZA,Algeria,2013,0,0,0,0,340,342,0,0
503,DZA,Algeria,2014,0,0,0,0,4500,4492,0,0
504,DZA,Algeria,2015,0,0,0,0,19000,19380,0,0
505,DZA,Algeria,2016,2500,2540,2800,2800,2000,2030,0,0
506,DZA,Algeria,2017,0,0,0,0,0,0,0,0
507,DZA,Algeria,2018,0,0,0,0,19,19,0,0
508,DZA,Algeria,2019,0,0,0,0,3200,3205,0,0
509,DZA,Algeria,2020,0,0,0,0,9600,9594,23,23
510,DZA,Algeria,2021,0,0,0,0,6600,6645,3500,3454
511,ECU,Ecuador,2008,0,0,0,0,14000,13871,0,0
512,ECU,Ecuador,2009,0,0,0,0,0,0,0,0
513,ECU,Ecuador,2010,0,0,0,0,500,500,0,0
514,ECU,Ecuador,2011,0,0,0,0,0,0,0,0
515,ECU,Ecuador,2012,0,0,0,0,4800,4796,0,0
516,ECU,Ecuador,2013,0,0,0,0,7500,7540,0,0
517,ECU,Ecuador,2014,0,0,0,0,570,573,0,0
518,ECU,Ecuador,2015,0,0,0,0,1900,1927,0,0
519,ECU,Ecuador,2016,0,0,0,0,289000,289369,0,0
520,ECU,Ecuador,2017,0,0,0,0,3000,2960,0,0
521,ECU,Ecuador,2018,0,0,420,423,4200,4223,0,0
522,ECU,Ecuador,2019,0,0,0,0,1100,1080,230,232
523,ECU,Ecuador,2020,0,0,0,0,1200,1212,490,485
524,ECU,Ecuador,2021,0,0,0,0,5700,5651,720,719
525,EGY,Egypt,2008,0,0,0,0,20000,20000,0,0
526,EGY,Egypt,2010,0,0,0,0,0,0,0,0
527,EGY,Egypt,2014,4100,4071,4700,4740,200,200,0,0
528,EGY,Egypt,2015,9100,9068,8400,8421,100,100,0,0
529,EGY,Egypt,2016,9100,9068,0,0,820,820,0,0
530,EGY,Egypt,2017,36000,35539,1800,1845,0,0,0,0
531,EGY,Egypt,2018,3200,3200,15000,15170,8,8,0,0
532,EGY,Egypt,2019,3200,3200,4,4,0,0,0,0
533,EGY,Egypt,2020,3200,3181,1000,1000,8400,8434,8400,8434
534,EGY,Egypt,2021,0,0,0,0,1100,1100,1100,1100
535,ERI,Eritrea,2009,10000,10000,0,0,0,0,0,0
536,ERI,Eritrea,2010,10000,10000,0,0,0,0,0,0
537,ERI,Eritrea,2011,10000,10000,0,0,0,0,0,0
538,ERI,Eritrea,2012,10000,10000,0,0,0,0,0,0
539,ERI,Eritrea,2013,10000,10000,0,0,100,102,0,0
540,ERI,Eritrea,2014,10000,10000,0,0,0,0,0,0
541,ERI,Eritrea,2021,0,0,0,0,0,0,0,0
542,ESH,Western Sahara,2021,0,0,0,0,0,0,0,0
543,ESP,Spain,2010,0,0,0,0,0,0,0,0
544,ESP,Spain,2011,0,0,0,0,15000,15000,0,0
545,ESP,Spain,2012,0,0,0,0,22000,22000,0,0
546,ESP,Spain,2013,0,0,0,0,2600,2590,0,0
547,ESP,Spain,2014,0,0,0,0,3800,3799,0,0
548,ESP,Spain,2015,0,0,0,0,4100,4140,0,0
549,ESP,Spain,2016,0,0,0,0,5400,5395,0,0
550,ESP,Spain,2017,0,0,0,0,2100,2107,0,0
551,ESP,Spain,2018,0,0,0,0,640,637,0,0
552,ESP,Spain,2019,0,0,0,0,23000,23287,0,0
553,ESP,Spain,2020,0,0,0,0,7800,7798,0,0
554,ESP,Spain,2021,0,0,0,0,14000,13672,7000,7000
555,EST,Estonia,2021,0,0,0,0,0,0,0,0
556,ETH,Ethiopia,2008,0,0,0,0,73000,72810,0,0
557,ETH,Ethiopia,2009,350000,350000,200000,200000,0,0,0,0
558,ETH,Ethiopia,2010,300000,300000,0,0,10000,10000,0,0
559,ETH,Ethiopia,2011,350000,350000,50000,50000,0,0,0,0
560,ETH,Ethiopia,2012,350000,350000,0,0,20000,20118,0,0
561,ETH,Ethiopia,2013,316000,316000,179000,178800,61000,61486,0,0
562,ETH,Ethiopia,2014,397000,397241,137000,137073,49000,49412,0,0
563,ETH,Ethiopia,2015,450000,450203,56000,55835,104000,104011,0,0
564,ETH,Ethiopia,2016,258000,257563,296000,296429,347000,347156,0,0
565,ETH,Ethiopia,2017,1078000,1078429,725000,724813,434000,434175,0,0
566,ETH,Ethiopia,2018,2137000,2137422,2895000,2894841,296000,295784,0,0
567,ETH,Ethiopia,2019,1414000,1414395,1052000,1051728,504000,504367,390000,389960
568,ETH,Ethiopia,2020,2060000,2059883,1692000,1691655,664000,663965,633000,633084
569,ETH,Ethiopia,2021,3589000,3589421,5142000,5142356,240000,240009,579000,579092
570,FIN,Finland,2008,0,0,0,0,20,20,0,0
571,FIN,Finland,2013,0,0,0,0,30,30,0,0
572,FIN,Finland,2018,0,0,0,0,51,51,0,0
573,FIN,Finland,2021,0,0,0,0,0,0,0,0
574,FJI,Fiji,2009,0,0,0,0,13000,13245,0,0
575,FJI,Fiji,2010,0,0,0,0,18000,18000,0,0
576,FJI,Fiji,2011,0,0,0,0,0,0,0,0
577,FJI,Fiji,2012,0,0,0,0,27000,27062,0,0
578,FJI,Fiji,2014,0,0,0,0,800,800,0,0
579,FJI,Fiji,2016,0,0,0,0,76000,76072,0,0
580,FJI,Fiji,2017,0,0,0,0,370,374,0,0
581,FJI,Fiji,2018,0,0,0,0,12000,12313,0,0
582,FJI,Fiji,2019,0,0,0,0,5000,4999,610,610
583,FJI,Fiji,2020,0,0,0,0,37000,36563,14000,13580
584,FJI,Fiji,2021,0,0,0,0,14000,14341,0,0
585,FLK,Falkland Islands (Malvinas),2021,0,0,0,0,0,0,0,0
586,FRA,France,2008,0,0,0,0,870,870,0,0
587,FRA,France,2009,0,0,0,0,0,0,0,0
588,FRA,France,2010,0,0,0,0,4500,4500,0,0
589,FRA,France,2011,0,0,0,0,0,0,0,0
590,FRA,France,2013,0,0,0,0,6700,6701,0,0
591,FRA,France,2014,0,0,0,0,4100,4072,0,0
592,FRA,France,2015,0,0,0,0,120,120,0,0
593,FRA,France,2016,0,0,0,0,190,191,0,0
594,FRA,France,2017,0,0,0,0,21000,21458,0,0
595,FRA,France,2018,0,0,0,0,6300,6345,0,0
596,FRA,France,2019,0,0,0,0,6200,6157,2000,2044
597,FRA,France,2020,0,0,0,0,10000,10279,230,230
598,FRA,France,2021,0,0,0,0,9100,9075,0,0
599,FRO,Faeroe Islands,2021,0,0,0,0,0,0,0,0
600,FSM,Micronesia,2012,0,0,0,0,0,0,0,0
601,FSM,Micronesia,2015,0,0,0,0,6800,6760,0,0
602,FSM,Micronesia,2021,0,0,0,0,0,0,0,0
603,GAB,Gabon,2009,0,0,0,0,800,800,0,0
604,GAB,Gabon,2010,0,0,0,0,0,0,0,0
605,GAB,Gabon,2012,0,0,0,0,1600,1606,0,0
606,GAB,Gabon,2013,0,0,0,0,1800,1787,0,0
607,GAB,Gabon,2017,0,0,0,0,8,8,0,0
608,GAB,Gabon,2020,0,0,0,0,2,2,2,2
609,GAB,Gabon,2021,0,0,0,0,0,0,0,0
610,GBR,United Kingdom,2009,0,0,0,0,0,0,0,0
611,GBR,United Kingdom,2012,0,0,0,0,300,300,0,0
612,GBR,United Kingdom,2013,0,0,0,0,20000,20252,0,0
613,GBR,United Kingdom,2014,0,0,0,0,620,623,0,0
614,GBR,United Kingdom,2015,0,0,0,0,6100,6060,0,0
615,GBR,United Kingdom,2016,0,0,0,0,1200,1167,0,0
616,GBR,United Kingdom,2017,0,0,0,0,6200,6172,0,0
617,GBR,United Kingdom,2018,0,0,0,0,160,163,0,0
618,GBR,United Kingdom,2019,0,0,0,0,12000,11755,1500,1500
619,GBR,United Kingdom,2020,0,0,0,0,4900,4896,200,200
620,GBR,United Kingdom,2021,0,0,0,0,510,513,0,0
621,GEO,Georgia,2009,240000,240000,0,0,0,0,0,0
622,GEO,Georgia,2010,257000,257000,0,0,0,0,0,0
623,GEO,Georgia,2011,270000,270000,0,0,0,0,0,0
624,GEO,Georgia,2012,280000,279778,0,0,0,0,0,0
625,GEO,Georgia,2013,207000,206600,0,0,1500,1525,0,0
626,GEO,Georgia,2014,233000,232704,0,0,120,120,0,0
627,GEO,Georgia,2015,239000,239191,0,0,1200,1234,0,0
628,GEO,Georgia,2016,208000,207765,0,0,0,0,0,0
629,GEO,Georgia,2017,289000,288765,0,0,0,0,0,0
630,GEO,Georgia,2018,293000,293103,0,0,310,308,0,0
631,GEO,Georgia,2019,301000,301216,0,0,0,0,0,0
632,GEO,Georgia,2020,304000,303538,0,0,160,160,10,10
633,GEO,Georgia,2021,305000,304925,0,0,85,85,28000,28220
634,GGY,Guernsey,2021,0,0,0,0,0,0,0,0
635,GHA,Ghana,2008,0,0,0,0,14000,14292,0,0
636,GHA,Ghana,2009,0,0,0,0,52000,52000,0,0
637,GHA,Ghana,2010,0,0,0,0,0,0,0,0
638,GHA,Ghana,2011,0,0,0,0,49000,49000,0,0
639,GHA,Ghana,2013,0,0,0,0,31000,30646,0,0
640,GHA,Ghana,2015,0,0,0,0,9300,9255,0,0
641,GHA,Ghana,2016,0,0,0,0,7900,7918,0,0
642,GHA,Ghana,2017,0,0,0,0,23000,23280,0,0
643,GHA,Ghana,2018,5000,5000,5000,5000,61000,61237,0,0
644,GHA,Ghana,2019,230,228,2300,2263,16000,15957,15000,14515
645,GHA,Ghana,2020,0,0,0,0,2000,1991,550,546
646,GHA,Ghana,2021,0,0,0,0,12000,12015,3700,3744
648,GIN,Guinea,2008,0,0,0,0,0,0,0,0
649,GIN,Guinea,2009,0,0,0,0,0,0,0,0
650,GIN,Guinea,2010,0,0,0,0,0,0,0,0
651,GIN,Guinea,2011,0,0,0,0,4500,4500,0,0
652,GIN,Guinea,2013,0,0,0,0,300,300,0,0
653,GIN,Guinea,2015,0,0,0,0,34000,34109,0,0
654,GIN,Guinea,2016,0,0,0,0,490,486,0,0
655,GIN,Guinea,2017,0,0,0,0,710,713,0,0
656,GIN,Guinea,2018,0,0,0,0,3900,3861,0,0
657,GIN,Guinea,2019,0,0,0,0,18,18,18,18
658,GIN,Guinea,2020,0,0,0,0,2400,2375,2600,2608
659,GIN,Guinea,2021,0,0,0,0,2600,2562,2600,2562
660,GLP,Guadeloupe,2021,0,0,0,0,0,0,0,0
661,GMB,Gambia,2008,0,0,0,0,400,400,0,0
662,GMB,Gambia,2009,0,0,0,0,0,0,0,0
663,GMB,Gambia,2010,0,0,0,0,25000,25000,0,0
664,GMB,Gambia,2012,0,0,0,0,7700,7745,0,0
665,GMB,Gambia,2013,0,0,0,0,400,400,0,0
666,GMB,Gambia,2016,0,0,0,0,4600,4633,0,0
667,GMB,Gambia,2017,0,0,162000,162342,880,878,0,0
668,GMB,Gambia,2018,0,0,0,0,0,0,0,0
669,GMB,Gambia,2019,0,0,0,0,4000,3958,4000,3958
670,GMB,Gambia,2020,0,0,0,0,17000,17229,1600,1583
671,GMB,Gambia,2021,0,0,700,696,2400,2420,0,0
672,GNB,Guinea-Bissau,2008,0,0,0,0,750,750,0,0
673,GNB,Guinea-Bissau,2010,0,0,0,0,2000,2000,0,0
674,GNB,Guinea-Bissau,2018,0,0,0,0,3700,3698,0,0
675,GNB,Guinea-Bissau,2019,0,0,0,0,410,414,410,414
676,GNB,Guinea-Bissau,2021,0,0,0,0,0,0,0,0
677,GNQ,Equatorial Guinea,2021,0,0,0,0,0,0,0,0
678,GRC,Greece,2009,0,0,0,0,330,325,0,0
679,GRC,Greece,2010,0,0,0,0,0,0,0,0
680,GRC,Greece,2013,0,0,0,0,60,60,0,0
681,GRC,Greece,2014,0,0,0,0,8200,8213,0,0
682,GRC,Greece,2015,0,0,0,0,270,270,0,0
683,GRC,Greece,2016,0,0,0,0,2900,2933,0,0
684,GRC,Greece,2017,0,0,0,0,800,800,0,0
685,GRC,Greece,2018,0,0,0,0,9200,9212,0,0
686,GRC,Greece,2019,0,0,0,0,2800,2800,0,0
687,GRC,Greece,2020,0,0,0,0,13000,12667,4800,4800
688,GRC,Greece,2021,0,0,0,0,67000,66518,1600,1552
689,GRD,Grenada,2017,0,0,0,0,150,146,0,0
690,GRD,Grenada,2018,0,0,0,0,27,27,0,0
691,GRD,Grenada,2019,0,0,0,0,26,26,0,0
692,GRD,Grenada,2021,0,0,0,0,0,0,0,0
693,GRL,Greenland,2017,0,0,0,0,78,78,0,0
694,GRL,Greenland,2018,0,0,0,0,170,169,0,0
695,GRL,Greenland,2021,0,0,0,0,0,0,0,0
696,GTM,Guatemala,2008,0,0,0,0,18000,18005,0,0
697,GTM,Guatemala,2009,0,0,0,0,990,991,0,0
698,GTM,Guatemala,2010,0,0,0,0,163000,162640,0,0
699,GTM,Guatemala,2011,0,0,0,0,29000,28792,0,0
700,GTM,Guatemala,2012,0,0,0,0,64000,63679,0,0
701,GTM,Guatemala,2013,242000,242000,0,0,80,80,0,0
702,GTM,Guatemala,2014,249000,248516,1400,1400,10000,10421,0,0
703,GTM,Guatemala,2015,251000,250850,0,0,2900,2866,0,0
704,GTM,Guatemala,2016,257000,256560,6200,6174,1700,1702,0,0
705,GTM,Guatemala,2017,242000,242386,1200,1197,45000,44811,0,0
706,GTM,Guatemala,2018,242000,242386,0,0,27000,26753,0,0
707,GTM,Guatemala,2019,242000,242386,0,0,21000,20906,1300,1315
708,GTM,Guatemala,2020,242000,242386,0,0,339000,338565,0,0
709,GTM,Guatemala,2021,243000,242516,130,130,16000,15581,22000,22330
710,GUF,French Guiana,2020,0,0,0,0,140,139,0,0
711,GUF,French Guiana,2021,0,0,0,0,0,0,0,0
712,GUM,Guam,2018,0,0,0,0,2400,2433,0,0
713,GUM,Guam,2019,0,0,0,0,450,453,0,0
714,GUM,Guam,2021,0,0,0,0,0,0,0,0
715,GUY,Guyana,2008,0,0,0,0,0,0,0,0
716,GUY,Guyana,2017,0,0,0,0,200,195,0,0
717,GUY,Guyana,2018,0,0,0,0,170,168,0,0
718,GUY,Guyana,2021,0,0,0,0,220,216,0,0
719,HKG,"Hong Kong, China",2008,0,0,0,0,0,0,0,0
720,HKG,"Hong Kong, China",2009,0,0,0,0,0,0,0,0
721,HKG,"Hong Kong, China",2010,0,0,0,0,0,0,0,0
722,HKG,"Hong Kong, China",2016,0,0,0,0,220,218,0,0
723,HKG,"Hong Kong, China",2017,0,0,0,0,3300,3292,0,0
724,HKG,"Hong Kong, China",2018,0,0,0,0,1400,1400,0,0
725,HKG,"Hong Kong, China",2019,0,0,0,0,210,205,0,0
726,HKG,"Hong Kong, China",2020,0,0,0,0,160,163,0,0
727,HKG,"Hong Kong, China",2021,0,0,0,0,400,395,0,0
728,HMD,Heard Island and McDonald Islands,2021,0,0,0,0,0,0,0,0
729,HND,Honduras,2008,0,0,0,0,70000,70250,0,0
730,HND,Honduras,2009,0,0,0,0,2300,2250,0,0
731,HND,Honduras,2010,0,0,0,0,8000,7998,0,0
732,HND,Honduras,2011,0,0,0,0,12000,12061,0,0
733,HND,Honduras,2014,29000,29356,0,0,2500,2500,0,0
734,HND,Honduras,2015,174000,174000,0,0,2000,2006,0,0
735,HND,Honduras,2016,190000,190000,16000,16000,890,890,0,0
736,HND,Honduras,2017,190000,190000,0,0,0,0,0,0
737,HND,Honduras,2018,190000,190000,950,950,17000,17481,0,0
738,HND,Honduras,2019,247000,247090,0,0,390,386,0,0
739,HND,Honduras,2020,247000,247090,0,0,937000,937283,0,0
740,HND,Honduras,2021,247000,247090,550,549,260,262,30,30
741,HRV,Croatia,2009,2400,2400,0,0,0,0,0,0
742,HRV,Croatia,2010,2300,2285,0,0,0,0,0,0
743,HRV,Croatia,2011,2100,2059,0,0,0,0,0,0
744,HRV,Croatia,2012,0,0,0,0,0,0,0,0
745,HRV,Croatia,2013,0,0,0,0,0,0,0,0
746,HRV,Croatia,2014,0,0,0,0,18000,17631,0,0
747,HRV,Croatia,2015,0,0,0,0,1000,1010,0,0
748,HRV,Croatia,2017,0,0,0,0,230,233,0,0
749,HRV,Croatia,2018,0,0,0,0,140,139,0,0
750,HRV,Croatia,2020,0,0,0,0,42000,41630,5200,5168
751,HRV,Croatia,2021,0,0,0,0,0,0,3000,3000
752,HTI,Haiti,2008,0,0,0,0,139000,138761,0,0
753,HTI,Haiti,2009,0,0,0,0,9900,9910,0,0
754,HTI,Haiti,2010,0,0,0,0,1573000,1572710,0,0
755,HTI,Haiti,2011,0,0,0,0,500,500,0,0
756,HTI,Haiti,2012,0,0,0,0,86000,85900,0,0
757,HTI,Haiti,2013,0,0,0,0,1100,1101,0,0
758,HTI,Haiti,2014,0,0,0,0,6500,6500,0,0
759,HTI,Haiti,2015,0,0,0,0,1500,1488,0,0
760,HTI,Haiti,2016,0,0,0,0,180000,180206,0,0
761,HTI,Haiti,2017,0,0,0,0,15000,14561,0,0
762,HTI,Haiti,2018,0,0,0,0,8800,8848,0,0
763,HTI,Haiti,2019,2100,2128,2100,2128,1200,1152,51000,51035
764,HTI,Haiti,2020,7900,7946,7900,7946,13000,13207,34000,33596
765,HTI,Haiti,2021,17000,16598,20000,20410,220000,220304,220000,219745
766,HUN,Hungary,2008,0,0,0,0,0,0,0,0
767,HUN,Hungary,2010,0,0,0,0,0,0,0,0
768,HUN,Hungary,2013,0,0,0,0,1300,1254,0,0
769,HUN,Hungary,2014,0,0,0,0,290,293,0,0
770,HUN,Hungary,2017,0,0,0,0,96,96,0,0
771,HUN,Hungary,2018,0,0,0,0,0,0,0,0
772,HUN,Hungary,2019,0,0,0,0,110,114,0,0
773,HUN,Hungary,2020,0,0,0,0,14,14,0,0
774,HUN,Hungary,2021,0,0,0,0,0,0,0,0
775,IDN,Indonesia,2008,0,0,0,0,221000,221100,0,0
776,IDN,Indonesia,2009,70000,70000,500,500,854000,853990,0,0
777,IDN,Indonesia,2010,200000,200000,35000,35000,409000,409387,0,0
778,IDN,Indonesia,2011,180000,180000,15000,15000,7400,7442,0,0
779,IDN,Indonesia,2012,170000,170000,5000,5000,104000,103831,0,0
780,IDN,Indonesia,2013,90000,90000,3000,3000,427000,427422,0,0
781,IDN,Indonesia,2014,84000,84000,800,800,943000,943059,0,0
782,IDN,Indonesia,2015,6100,6057,150,153,204000,203913,0,0
783,IDN,Indonesia,2016,7100,7084,350,353,1246000,1246474,0,0
784,IDN,Indonesia,2017,13000,12905,2800,2750,365000,364971,0,0
785,IDN,Indonesia,2018,16000,15902,4500,4497,853000,853305,0,0
786,IDN,Indonesia,2019,40000,40094,23000,23396,463000,462646,104000,104415
787,IDN,Indonesia,2020,40000,40041,4600,4599,705000,704513,161000,160501
788,IDN,Indonesia,2021,73000,72778,27000,26580,749000,749418,155000,155365
789,IMN,Isle of Man,2021,0,0,0,0,0,0,0,0
790,IND,India,2008,0,0,0,0,6662000,6662165,0,0
791,IND,India,2009,500000,500000,33000,33000,5304000,5304000,0,0
792,IND,India,2010,650000,650000,107000,106500,1411000,1411285,0,0
793,IND,India,2011,650000,650000,53000,53000,1503000,1503320,0,0
794,IND,India,2012,1000000,1000000,500000,500000,9110000,9110000,0,0
795,IND,India,2013,526000,526000,64000,64000,2145000,2144671,0,0
796,IND,India,2014,854000,853900,345000,345000,3428000,3427618,0,0
797,IND,India,2015,612000,611763,1000,1000,3655000,3654637,0,0
798,IND,India,2016,796000,796275,448000,448400,2400000,2400307,0,0
799,IND,India,2017,806000,805744,78000,78489,1346000,1345994,0,0
800,IND,India,2018,479000,479446,169000,169313,2675000,2675414,0,0
801,IND,India,2019,470000,469624,19000,19005,5018000,5017722,590000,590254
802,IND,India,2020,473000,473079,3900,3922,3856000,3856213,929000,929318
803,IND,India,2021,506000,505667,13000,13042,4903000,4903210,22000,22206
804,IOT,British Indian Ocean Territory,2021,0,0,0,0,0,0,0,0
805,IRL,Ireland,2011,0,0,0,0,0,0,0,0
806,IRL,Ireland,2015,0,0,0,0,1600,1623,0,0
807,IRL,Ireland,2017,0,0,0,0,62,62,0,0
808,IRL,Ireland,2020,0,0,0,0,51,51,0,0
809,IRL,Ireland,2021,0,0,0,0,25,25,0,0
810,IRN,Iran,2009,0,0,0,0,0,0,0,0
811,IRN,Iran,2010,0,0,0,0,3500,3500,0,0
812,IRN,Iran,2012,0,0,0,0,50000,50000,0,0
813,IRN,Iran,2013,0,0,0,0,4700,4720,0,0
814,IRN,Iran,2014,0,0,0,0,12000,12000,0,0
815,IRN,Iran,2015,0,0,0,0,5400,5350,0,0
816,IRN,Iran,2016,0,0,0,0,78,78,0,0
817,IRN,Iran,2017,0,0,0,0,225000,224599,0,0
818,IRN,Iran,2018,0,0,0,0,74000,73913,0,0
819,IRN,Iran,2019,0,0,0,0,520000,519724,180000,179845
820,IRN,Iran,2020,0,0,0,0,52000,51681,79,79
821,IRN,Iran,2021,0,0,0,0,41000,40586,13000,13443
822,IRQ,Iraq,2008,0,0,0,0,600,600,0,0
823,IRQ,Iraq,2009,2764000,2764000,0,0,0,0,0,0
824,IRQ,Iraq,2010,2800000,2800000,0,0,0,0,0,0
825,IRQ,Iraq,2011,2600000,2600000,8000,8000,2000,2000,0,0
826,IRQ,Iraq,2012,2100000,2100000,0,0,0,0,0,0
827,IRQ,Iraq,2013,2100000,2100000,12000,11800,7900,7873,0,0
828,IRQ,Iraq,2014,3276000,3276000,2177000,2176764,0,0,0,0
829,IRQ,Iraq,2015,3290000,3290310,1114000,1113546,23000,22500,0,0
830,IRQ,Iraq,2016,3035000,3034614,659000,658614,0,0,0,0
831,IRQ,Iraq,2017,2648000,2647916,1379000,1379499,3900,3933,0,0
832,IRQ,Iraq,2018,1962000,1961934,150000,150222,65000,65490,0,0
833,IRQ,Iraq,2019,1555000,1555015,104000,103764,37000,37252,330,325
834,IRQ,Iraq,2020,1224000,1224108,67000,67162,1200,1233,0,0
835,IRQ,Iraq,2021,1187000,1186556,57000,56891,9400,9434,20000,19974
836,ISL,Iceland,2017,0,0,0,0,50,50,0,0
837,ISL,Iceland,2020,0,0,0,0,590,591,0,0
838,ISL,Iceland,2021,0,0,0,0,220,219,0,0
839,ISR,Israel,2009,0,0,0,0,0,0,0,0
840,ISR,Israel,2010,0,0,0,0,0,0,0,0
841,ISR,Israel,2011,0,0,480,484,0,0,0,0
842,ISR,Israel,2012,0,0,0,0,0,0,0,0
843,ISR,Israel,2013,0,0,0,0,200,200,0,0
844,ISR,Israel,2014,0,0,10000,10000,700,700,0,0
845,ISR,Israel,2015,0,0,0,0,0,0,0,0
846,ISR,Israel,2016,0,0,0,0,75000,75210,0,0
847,ISR,Israel,2018,0,0,0,0,80,80,0,0
848,ISR,Israel,2019,0,0,0,0,1200,1233,210,210
849,ISR,Israel,2020,0,0,3000,3028,10000,10412,70,70
850,ISR,Israel,2021,0,0,3200,3187,3900,3858,0,0
851,ITA,Italy,2009,0,0,0,0,75000,75000,0,0
852,ITA,Italy,2010,0,0,0,0,0,0,0,0
853,ITA,Italy,2011,0,0,0,0,0,0,0,0
854,ITA,Italy,2012,0,0,0,0,17000,16850,0,0
855,ITA,Italy,2013,0,0,0,0,3700,3737,0,0
856,ITA,Italy,2014,0,0,0,0,1600,1600,0,0
857,ITA,Italy,2015,0,0,0,0,1300,1321,0,0
858,ITA,Italy,2016,0,0,0,0,31000,30950,0,0
859,ITA,Italy,2017,0,0,0,0,2100,2053,0,0
860,ITA,Italy,2018,0,0,0,0,3300,3279,0,0
861,ITA,Italy,2019,0,0,0,0,3400,3391,0,0
862,ITA,Italy,2020,0,0,0,0,2000,1950,22,22
863,ITA,Italy,2021,0,0,0,0,2600,2558,7,7
864,JAM,Jamaica,2008,0,0,0,0,1500,1520,0,0
865,JAM,Jamaica,2010,0,0,0,0,0,0,0,0
866,JAM,Jamaica,2012,0,0,0,0,2000,2000,0,0
867,JAM,Jamaica,2016,0,0,0,0,3500,3524,0,0
868,JAM,Jamaica,2017,0,0,0,0,29,29,0,0
869,JAM,Jamaica,2018,0,0,0,0,7,7,0,0
870,JAM,Jamaica,2020,0,0,0,0,2,2,0,0
871,JAM,Jamaica,2021,0,0,0,0,16,16,0,0
872,JEY,Jersey,2021,0,0,0,0,0,0,0,0
873,JOR,Jordan,2013,0,0,0,0,420,424,0,0
874,JOR,Jordan,2017,0,0,0,0,160,155,0,0
875,JOR,Jordan,2018,0,0,0,0,2000,2000,0,0
876,JOR,Jordan,2019,0,0,0,0,46,46,0,0
877,JOR,Jordan,2020,0,0,0,0,140,138,0,0
878,JOR,Jordan,2021,0,0,0,0,0,0,0,0
879,JPN,Japan,2008,0,0,0,0,800,800,0,0
880,JPN,Japan,2009,0,0,0,0,0,0,0,0
881,JPN,Japan,2010,0,0,0,0,85000,85000,0,0
882,JPN,Japan,2011,0,0,0,0,892000,892000,0,0
883,JPN,Japan,2012,0,0,0,0,308000,308080,0,0
884,JPN,Japan,2013,0,0,0,0,639000,638987,0,0
885,JPN,Japan,2014,0,0,0,0,707000,707470,0,0
886,JPN,Japan,2015,0,0,0,0,486000,486114,0,0
887,JPN,Japan,2016,0,0,0,0,864000,863583,0,0
888,JPN,Japan,2017,0,0,0,0,21000,20796,0,0
889,JPN,Japan,2018,0,0,0,0,146000,145997,0,0
890,JPN,Japan,2019,0,0,0,0,265000,264567,88000,88197
891,JPN,Japan,2020,0,0,0,0,186000,185868,61000,61262
892,JPN,Japan,2021,0,0,0,0,14000,13593,39000,38882
893,KAZ,Kazakhstan,2010,0,0,0,0,5000,5000,0,0
894,KAZ,Kazakhstan,2011,0,0,0,0,9000,9000,0,0
895,KAZ,Kazakhstan,2012,0,0,0,0,5100,5113,0,0
896,KAZ,Kazakhstan,2013,0,0,0,0,330,328,0,0
897,KAZ,Kazakhstan,2015,0,0,0,0,19000,19036,0,0
898,KAZ,Kazakhstan,2016,0,0,0,0,1000,1029,0,0
899,KAZ,Kazakhstan,2017,0,0,0,0,7100,7115,0,0
900,KAZ,Kazakhstan,2018,0,0,0,0,400,400,0,0
901,KAZ,Kazakhstan,2020,0,0,0,0,32000,31606,1800,1800
902,KAZ,Kazakhstan,2021,0,0,0,0,140,141,72,72
903,KEN,Kenya,2008,0,0,0,0,10000,10100,0,0
904,KEN,Kenya,2009,250000,250000,0,0,92000,91686,0,0
905,KEN,Kenya,2010,250000,250000,0,0,54000,53786,0,0
906,KEN,Kenya,2011,250000,250000,50000,50000,19000,19045,0,0
907,KEN,Kenya,2012,300000,300000,118000,118000,98000,97626,0,0
908,KEN,Kenya,2013,412000,412000,55000,55000,180000,180282,0,0
909,KEN,Kenya,2014,309000,309200,220000,220177,1400,1368,0,0
910,KEN,Kenya,2015,309000,309200,0,0,105000,105084,0,0
911,KEN,Kenya,2016,138000,138428,0,0,40000,40318,0,0
912,KEN,Kenya,2017,159000,158637,24000,24467,35000,35424,0,0
913,KEN,Kenya,2018,162000,161843,10000,9978,336000,336268,0,0
914,KEN,Kenya,2019,162000,161843,1800,1838,74000,73942,1400,1373
915,KEN,Kenya,2020,190000,190000,3900,3910,335000,335016,204000,204328
916,KEN,Kenya,2021,190000,190000,4600,4634,36000,36442,54000,54320
917,KGZ,Kyrgyzstan,2008,0,0,0,0,1100,1055,0,0
918,KGZ,Kyrgyzstan,2010,75000,75000,300000,300000,0,0,0,0
919,KGZ,Kyrgyzstan,2011,67000,67000,0,0,0,0,0,0
920,KGZ,Kyrgyzstan,2012,164000,164000,0,0,0,0,0,0
921,KGZ,Kyrgyzstan,2013,0,0,0,0,0,0,0,0
922,KGZ,Kyrgyzstan,2015,0,0,0,0,5900,5906,0,0
923,KGZ,Kyrgyzstan,2016,0,0,0,0,39,39,0,0
924,KGZ,Kyrgyzstan,2017,0,0,0,0,3300,3320,0,0
925,KGZ,Kyrgyzstan,2018,0,0,0,0,4700,4690,0,0
926,KGZ,Kyrgyzstan,2019,0,0,770,770,0,0,0,0
927,KGZ,Kyrgyzstan,2020,770,770,250,254,0,0,0,0
928,KGZ,Kyrgyzstan,2021,0,0,46000,46268,120,116,0,0
929,KHM,Cambodia,2009,0,0,0,0,66000,66000,0,0
930,KHM,Cambodia,2010,0,0,0,0,32000,31505,0,0
931,KHM,Cambodia,2011,0,0,0,0,214000,214000,0,0
932,KHM,Cambodia,2013,0,0,0,0,144000,144496,0,0
933,KHM,Cambodia,2014,0,0,0,0,151000,151073,0,0
934,KHM,Cambodia,2015,0,0,0,0,8900,8859,0,0
935,KHM,Cambodia,2016,0,0,0,0,8300,8274,0,0
936,KHM,Cambodia,2017,0,0,0,0,15000,15068,0,0
937,KHM,Cambodia,2018,0,0,0,0,37000,37177,0,0
938,KHM,Cambodia,2019,0,0,0,0,70000,70108,1300,1293
939,KHM,Cambodia,2020,0,0,0,0,66000,66250,260,258
940,KHM,Cambodia,2021,0,0,0,0,15000,14639,5800,5769
941,KIR,Kiribati,2008,0,0,0,0,85,85,0,0
942,KIR,Kiribati,2015,0,0,0,0,2500,2520,0,0
943,KIR,Kiribati,2021,0,0,0,0,0,0,0,0
944,KNA,St. Kitts and Nevis,2017,0,0,0,0,33,33,0,0
945,KNA,St. Kitts and Nevis,2021,0,0,0,0,0,0,0,0
946,KOR,Korea,2010,0,0,0,0,0,0,0,0
947,KOR,Korea,2011,0,0,0,0,5500,5540,0,0
948,KOR,Korea,2013,0,0,0,0,4200,4233,0,0
949,KOR,Korea,2016,0,0,0,0,7500,7482,0,0
950,KOR,Korea,2017,0,0,0,0,4300,4333,0,0
951,KOR,Korea,2018,0,0,0,0,1100,1084,0,0
952,KOR,Korea,2019,0,0,0,0,5600,5647,1700,1738
953,KOR,Korea,2020,0,0,0,0,19000,19021,300,300
954,KOR,Korea,2021,0,0,0,0,2900,2919,330,333
955,KWT,Kuwait,2021,0,0,0,0,0,0,0,0
956,LAO,Lao PDR,2008,0,0,0,0,0,0,0,0
957,LAO,Lao PDR,2009,0,0,0,0,38000,37500,0,0
958,LAO,Lao PDR,2010,0,0,4400,4400,0,0,0,0
959,LAO,Lao PDR,2011,0,0,0,0,50000,50000,0,0
960,LAO,Lao PDR,2012,0,0,0,0,0,0,0,0
961,LAO,Lao PDR,2013,0,0,0,0,9900,9908,0,0
962,LAO,Lao PDR,2014,0,0,0,0,790,793,0,0
963,LAO,Lao PDR,2015,0,0,0,0,12000,11951,0,0
964,LAO,Lao PDR,2016,0,0,0,0,660,659,0,0
965,LAO,Lao PDR,2017,0,0,0,0,190,188,0,0
966,LAO,Lao PDR,2018,0,0,0,0,19000,19021,0,0
967,LAO,Lao PDR,2019,0,0,0,0,103000,102540,5400,5427
968,LAO,Lao PDR,2020,0,0,0,0,12000,12360,2000,2000
969,LAO,Lao PDR,2021,0,0,0,0,5,5,3600,3605
970,LBN,Lebanon,2009,90000,90000,0,0,0,0,0,0
971,LBN,Lebanon,2010,75000,75000,0,0,0,0,0,0
972,LBN,Lebanon,2011,47000,47000,0,0,0,0,0,0
973,LBN,Lebanon,2012,45000,44600,0,0,0,0,0,0
974,LBN,Lebanon,2013,20000,20000,0,0,0,0,0,0
975,LBN,Lebanon,2014,20000,19719,0,0,1300,1346,0,0
976,LBN,Lebanon,2015,12000,12419,3000,3000,110,106,0,0
977,LBN,Lebanon,2016,12000,12020,110,108,0,0,0,0
978,LBN,Lebanon,2017,11000,10815,200,200,0,0,0,0
979,LBN,Lebanon,2018,11000,10540,0,0,0,0,0,0
980,LBN,Lebanon,2019,7000,6991,0,0,4300,4293,190,187
981,LBN,Lebanon,2020,7000,6991,0,0,0,0,0,0
982,LBN,Lebanon,2021,50,50,61,61,850,845,0,0
983,LBR,Liberia,2008,0,0,0,0,1000,1000,0,0
984,LBR,Liberia,2009,23000,23000,0,0,0,0,0,0
985,LBR,Liberia,2010,23000,23000,0,0,0,0,0,0
986,LBR,Liberia,2011,23000,23000,0,0,0,0,0,0
987,LBR,Liberia,2012,23000,23000,0,0,0,0,0,0
988,LBR,Liberia,2013,23000,23000,10000,10000,0,0,0,0
989,LBR,Liberia,2014,23000,23000,0,0,650,650,0,0
990,LBR,Liberia,2016,0,0,0,0,10000,10000,0,0
991,LBR,Liberia,2017,0,0,0,0,970,966,0,0
992,LBR,Liberia,2018,0,0,0,0,15000,15101,0,0
993,LBR,Liberia,2019,0,0,0,0,600,599,600,599
994,LBR,Liberia,2020,0,0,0,0,3700,3708,1200,1208
995,LBR,Liberia,2021,0,0,0,0,0,0,0,0
996,LBY,Libya,2011,154000,154000,498000,498000,0,0,0,0
997,LBY,Libya,2012,50000,50000,0,0,0,0,0,0
998,LBY,Libya,2013,59000,59400,0,0,3000,3000,0,0
999,LBY,Libya,2014,400000,400000,341000,340600,0,0,0,0
1000,LBY,Libya,2015,500000,500000,100000,100000,0,0,0,0
1001,LBY,Libya,2016,304000,303608,156000,156307,0,0,0,0
1002,LBY,Libya,2017,197000,197398,29000,29324,0,0,0,0
1003,LBY,Libya,2018,221000,220906,70000,70305,0,0,0,0
1004,LBY,Libya,2019,451000,451422,215000,215240,4600,4625,0,0
1005,LBY,Libya,2020,278000,278177,39000,39225,0,0,0,0
1006,LBY,Libya,2021,160000,160456,0,0,1200,1234,0,0
1007,LCA,St. Lucia,2010,0,0,0,0,0,0,0,0
1008,LCA,St. Lucia,2013,0,0,0,0,1200,1200,0,0
1009,LCA,St. Lucia,2016,0,0,0,0,130,130,0,0
1010,LCA,St. Lucia,2019,0,0,0,0,25,25,8,8
1011,LCA,St. Lucia,2021,0,0,0,0,0,0,0,0
1012,LIE,Liechtenstein,2021,0,0,0,0,0,0,0,0
1013,LKA,Sri Lanka,2008,0,0,0,0,525000,525408,0,0
1014,LKA,Sri Lanka,2009,400000,400000,280000,280000,363000,362885,0,0
1015,LKA,Sri Lanka,2010,327000,327000,0,0,141000,141414,0,0
1016,LKA,Sri Lanka,2011,125000,125000,0,0,685000,684884,0,0
1017,LKA,Sri Lanka,2012,93000,93000,0,0,129000,129092,0,0
1018,LKA,Sri Lanka,2013,90000,90000,0,0,324000,324236,0,0
1019,LKA,Sri Lanka,2014,90000,90000,0,0,152000,151800,0,0
1020,LKA,Sri Lanka,2015,44000,43977,0,0,66000,65562,0,0
1021,LKA,Sri Lanka,2016,44000,43607,0,0,500000,500200,0,0
1022,LKA,Sri Lanka,2017,42000,41938,0,0,135000,135158,0,0
1023,LKA,Sri Lanka,2018,37000,37064,1100,1138,100000,99674,0,0
1024,LKA,Sri Lanka,2019,27000,27327,1700,1700,87000,87051,4900,4899
1025,LKA,Sri Lanka,2020,27000,27327,0,0,19000,19367,1400,1411
1026,LKA,Sri Lanka,2021,12000,12342,0,0,121000,121119,33,33
1027,LSO,Lesotho,2010,0,0,0,0,5000,5000,0,0
1028,LSO,Lesotho,2011,0,0,0,0,3400,3360,0,0
1029,LSO,Lesotho,2014,0,0,0,0,2600,2600,0,0
1030,LSO,Lesotho,2018,0,0,0,0,1400,1400,0,0
1031,LSO,Lesotho,2021,0,0,0,0,730,729,0,0
1032,LTU,Lithuania,2010,0,0,0,0,0,0,0,0
1033,LTU,Lithuania,2021,0,0,0,0,0,0,0,0
1034,LUX,Luxembourg,2019,0,0,0,0,190,192,0,0
1035,LUX,Luxembourg,2020,0,0,0,0,2,2,0,0
1036,LUX,Luxembourg,2021,0,0,0,0,560,560,0,0
1037,LVA,Latvia,2018,0,0,0,0,24,24,0,0
1038,LVA,Latvia,2021,0,0,0,0,0,0,0,0
1039,MAC,"Macao, China",2018,0,0,0,0,5700,5650,0,0
1040,MAC,"Macao, China",2020,0,0,0,0,2800,2838,0,0
1041,MAC,"Macao, China",2021,0,0,0,0,37,37,16,16
1042,MAF,St. Martin (French part),2017,0,0,0,0,11000,10582,0,0
1043,MAF,St. Martin (French part),2021,0,0,0,0,0,0,0,0
1044,MAR,Morocco,2008,0,0,0,0,5000,5000,0,0
1045,MAR,Morocco,2009,0,0,0,0,0,0,0,0
1046,MAR,Morocco,2010,0,0,0,0,15000,15000,0,0
1047,MAR,Morocco,2012,0,0,0,0,580,581,0,0
1048,MAR,Morocco,2014,0,0,0,0,1700,1690,0,0
1049,MAR,Morocco,2019,0,0,0,0,200,202,0,0
1050,MAR,Morocco,2020,0,0,0,0,340,336,340,336
1051,MAR,Morocco,2021,0,0,0,0,10,10,10,10
1052,MCO,Monaco,2021,0,0,0,0,0,0,0,0
1053,MDA,Moldova,2008,0,0,0,0,200,200,0,0
1054,MDA,Moldova,2010,0,0,0,0,0,0,0,0
1055,MDA,Moldova,2021,0,0,0,0,0,0,0,0
1056,MDG,Madagascar,2008,0,0,0,0,194000,194338,0,0
1057,MDG,Madagascar,2009,0,0,0,0,8100,8102,0,0
1058,MDG,Madagascar,2010,0,0,0,0,38000,37891,0,0
1059,MDG,Madagascar,2011,0,0,0,0,26000,25845,0,0
1060,MDG,Madagascar,2012,0,0,0,0,268000,267911,0,0
1061,MDG,Madagascar,2013,0,0,0,0,20000,20000,0,0
1062,MDG,Madagascar,2014,0,0,0,0,2800,2836,0,0
1063,MDG,Madagascar,2015,0,0,0,0,87000,87401,0,0
1064,MDG,Madagascar,2016,0,0,0,0,51000,51039,0,0
1065,MDG,Madagascar,2017,0,0,0,0,248000,248032,0,0
1066,MDG,Madagascar,2018,2000,1982,1700,1668,75000,75260,0,0
1067,MDG,Madagascar,2019,3000,3011,1000,1049,5700,5742,1400,1394
1068,MDG,Madagascar,2020,1500,1512,0,0,23000,22609,100,100
1069,MDG,Madagascar,2021,2800,2807,1300,1295,4800,4835,0,0
1070,MDV,Maldives,2017,0,0,0,0,76,76,0,0
1071,MDV,Maldives,2018,0,0,0,0,20,20,0,0
1072,MDV,Maldives,2019,0,0,0,0,300,296,0,0
1073,MDV,Maldives,2021,0,0,0,0,0,0,0,0
1074,MEX,Mexico,2008,0,0,0,0,13000,13100,0,0
1075,MEX,Mexico,2009,8000,8000,0,0,375000,375000,0,0
1076,MEX,Mexico,2010,123000,123000,115000,115000,900000,900300,0,0
1077,MEX,Mexico,2011,162000,161900,27000,26500,547000,546795,0,0
1078,MEX,Mexico,2012,162000,161900,0,0,6500,6500,0,0
1079,MEX,Mexico,2013,160000,160000,20000,20000,158000,158330,0,0
1080,MEX,Mexico,2014,281000,281418,9000,9024,18000,18300,0,0
1081,MEX,Mexico,2015,287000,287430,6000,6000,91000,90534,0,0
1082,MEX,Mexico,2016,311000,310527,23000,23169,12000,11953,0,0
1083,MEX,Mexico,2017,345000,345235,20000,20160,195000,194994,0,0
1084,MEX,Mexico,2018,338000,338405,11000,11491,20000,20282,0,0
1085,MEX,Mexico,2019,345000,345354,7100,7071,16000,16196,0,0
1086,MEX,Mexico,2020,357000,356792,9700,9741,101000,100888,99000,99256
1087,MEX,Mexico,2021,379000,379246,29000,28867,19000,18688,23,23
1088,MHL,Marshall Islands,2008,0,0,0,0,600,600,0,0
1089,MHL,Marshall Islands,2014,0,0,0,0,1200,1246,0,0
1090,MHL,Marshall Islands,2019,0,0,0,0,200,200,0,0
1091,MHL,Marshall Islands,2021,0,0,0,0,0,0,0,0
1092,MKD,North Macedonia,2009,640,644,0,0,0,0,0,0
1093,MKD,North Macedonia,2010,640,644,0,0,0,0,0,0
1094,MKD,North Macedonia,2011,640,644,0,0,0,0,0,0
1095,MKD,North Macedonia,2012,620,621,0,0,0,0,0,0
1096,MKD,North Macedonia,2013,330,330,0,0,1600,1636,0,0
1097,MKD,North Macedonia,2014,220,224,0,0,0,0,0,0
1098,MKD,North Macedonia,2015,200,199,0,0,0,0,0,0
1099,MKD,North Macedonia,2016,150,150,0,0,0,0,0,0
1100,MKD,North Macedonia,2017,140,140,0,0,0,0,0,0
1101,MKD,North Macedonia,2018,140,140,0,0,50,50,0,0
1102,MKD,North Macedonia,2019,140,140,0,0,0,0,0,0
1103,MKD,North Macedonia,2020,140,140,0,0,0,0,0,0
1104,MKD,North Macedonia,2021,110,108,0,0,80,80,0,0
1105,MLI,Mali,2008,0,0,0,0,2500,2500,0,0
1106,MLI,Mali,2009,0,0,0,0,0,0,0,0
1107,MLI,Mali,2010,0,0,0,0,5800,5840,0,0
1108,MLI,Mali,2011,0,0,0,0,18000,18340,0,0
1109,MLI,Mali,2012,230000,230000,227000,227000,9000,9000,0,0
1110,MLI,Mali,2013,218000,218000,123000,123000,24000,23500,0,0
1111,MLI,Mali,2014,62000,61600,19000,19200,0,0,0,0
1112,MLI,Mali,2015,50000,49883,0,0,400,400,0,0
1113,MLI,Mali,2016,37000,36690,6300,6293,8000,8025,0,0
1114,MLI,Mali,2017,38000,38172,35000,35131,6800,6848,0,0
1115,MLI,Mali,2018,120000,120298,126000,125917,19000,19397,0,0
1116,MLI,Mali,2019,208000,207751,284000,284025,6600,6632,6300,6298
1117,MLI,Mali,2020,326000,326298,277000,276690,7400,7397,6700,6659
1118,MLI,Mali,2021,326000,326135,249000,249174,6000,5994,24000,23975
1119,MLT,Malta,2021,0,0,0,0,0,0,0,0
1120,MMR,Myanmar,2008,0,0,0,0,2250000,2250000,0,0
1121,MMR,Myanmar,2009,470000,470000,75000,75000,2500,2521,0,0
1122,MMR,Myanmar,2010,446000,446000,73000,73000,106000,105993,0,0
1123,MMR,Myanmar,2011,450000,450000,50000,50000,13000,13152,0,0
1124,MMR,Myanmar,2012,450000,450000,166000,166000,74000,73840,0,0
1125,MMR,Myanmar,2013,641000,640900,54000,53946,223000,223000,0,0
1126,MMR,Myanmar,2014,645000,645261,6200,6200,81000,81032,0,0
1127,MMR,Myanmar,2015,644000,644000,16000,16000,1618000,1618261,0,0
1128,MMR,Myanmar,2016,644000,644000,35000,35000,509000,509238,0,0
1129,MMR,Myanmar,2017,635000,635155,57000,56967,351000,351436,0,0
1130,MMR,Myanmar,2018,401000,401168,42000,42434,298000,298023,0,0
1131,MMR,Myanmar,2019,457000,457313,80000,79652,270000,270012,41000,40512
1132,MMR,Myanmar,2020,505000,505378,70000,70194,50000,49547,4600,4620
1133,MMR,Myanmar,2021,649000,649015,448000,447818,158000,158219,1400,1435
1134,MNE,Montenegro,2009,0,0,0,0,0,0,0,0
1135,MNE,Montenegro,2010,0,0,0,0,1400,1350,0,0
1136,MNE,Montenegro,2012,0,0,0,0,800,800,0,0
1137,MNE,Montenegro,2016,0,0,0,0,400,400,0,0
1138,MNE,Montenegro,2017,0,0,0,0,2,2,0,0
1139,MNE,Montenegro,2018,0,0,0,0,6,6,0,0
1140,MNE,Montenegro,2021,0,0,0,0,0,0,0,0
1141,MNG,Mongolia,2009,0,0,0,0,22000,21560,0,0
1142,MNG,Mongolia,2015,0,0,0,0,810,807,0,0
1143,MNG,Mongolia,2018,0,0,0,0,5900,5931,0,0
1144,MNG,Mongolia,2019,0,0,0,0,13,13,0,0
1145,MNG,Mongolia,2020,0,0,0,0,4200,4156,3500,3478
1146,MNG,Mongolia,2021,0,0,0,0,6300,6331,6300,6331
1147,MNP,Northern Mariana Islands,2018,0,0,0,0,14000,13938,0,0
1148,MNP,Northern Mariana Islands,2019,0,0,0,0,870,873,12,12
1149,MNP,Northern Mariana Islands,2021,0,0,0,0,0,0,0,0
1150,MOZ,Mozambique,2008,0,0,0,0,143000,143000,0,0
1151,MOZ,Mozambique,2009,0,0,0,0,7300,7328,0,0
1152,MOZ,Mozambique,2010,0,0,0,0,130000,130000,0,0
1153,MOZ,Mozambique,2011,0,0,0,0,22000,22000,0,0
1154,MOZ,Mozambique,2012,0,0,0,0,10000,10000,0,0
1155,MOZ,Mozambique,2013,0,0,0,0,186000,185897,0,0
1156,MOZ,Mozambique,2014,0,0,0,0,21000,21095,0,0
1157,MOZ,Mozambique,2015,0,0,0,0,61000,61102,0,0
1158,MOZ,Mozambique,2016,15000,15128,15000,15128,7000,7009,0,0
1159,MOZ,Mozambique,2017,10000,10085,120,119,170000,170064,0,0
1160,MOZ,Mozambique,2018,14000,13876,3800,3791,31000,31136,0,0
1161,MOZ,Mozambique,2019,110000,110005,5300,5288,506000,505899,132000,132405
1162,MOZ,Mozambique,2020,676000,676294,592000,592037,25000,24997,93000,93283
1163,MOZ,Mozambique,2021,735000,735334,187000,187057,44000,43512,138000,138024
1164,MRT,Mauritania,2009,0,0,0,0,0,0,0,0
1165,MRT,Mauritania,2010,0,0,0,0,5000,5000,0,0
1166,MRT,Mauritania,2013,0,0,0,0,4600,4579,0,0
1167,MRT,Mauritania,2017,0,0,0,0,2900,2945,0,0
1168,MRT,Mauritania,2018,0,0,0,0,450,445,0,0
1169,MRT,Mauritania,2019,0,0,0,0,6600,6630,0,0
1170,MRT,Mauritania,2020,0,0,0,0,1600,1560,1600,1560
1171,MRT,Mauritania,2021,0,0,0,0,0,0,0,0
1172,MSR,Montserrat,2021,0,0,0,0,0,0,0,0
1173,MTQ,Martinique,2011,0,0,0,0,0,0,0,0
1174,MTQ,Martinique,2019,0,0,0,0,2,2,0,0
1175,MTQ,Martinique,2021,0,0,0,0,0,0,0,0
1176,MUS,Mauritius,2015,0,0,0,0,1400,1400,0,0
1177,MUS,Mauritius,2016,0,0,0,0,300,300,0,0
1178,MUS,Mauritius,2017,0,0,0,0,100,100,0,0
1179,MUS,Mauritius,2018,0,0,0,0,3600,3600,0,0
1180,MUS,Mauritius,2019,0,0,0,0,1000,1016,130,132
1181,MUS,Mauritius,2020,0,0,0,0,110,113,0,0
1182,MUS,Mauritius,2021,0,0,0,0,0,0,0,0
1183,MWI,Malawi,2009,0,0,0,0,21000,20550,0,0
1184,MWI,Malawi,2010,0,0,0,0,0,0,0,0
1185,MWI,Malawi,2011,0,0,0,0,25000,24790,0,0
1186,MWI,Malawi,2012,0,0,0,0,6200,6182,0,0
1187,MWI,Malawi,2013,0,0,0,0,33000,33000,0,0
1188,MWI,Malawi,2014,0,0,0,0,600,602,0,0
1189,MWI,Malawi,2015,0,0,0,0,343000,343023,0,0
1190,MWI,Malawi,2016,0,0,0,0,9500,9520,0,0
1191,MWI,Malawi,2017,0,0,0,0,84000,84096,0,0
1192,MWI,Malawi,2018,0,0,0,0,20000,20228,0,0
1193,MWI,Malawi,2019,150,149,150,149,117000,116825,54000,53729
1194,MWI,Malawi,2020,0,0,0,0,29000,28818,0,0
1195,MWI,Malawi,2021,0,0,0,0,600,602,0,0
1196,MYS,Malaysia,2008,0,0,0,0,4000,4000,0,0
1197,MYS,Malaysia,2009,0,0,0,0,0,0,0,0
1198,MYS,Malaysia,2010,0,0,0,0,65000,65000,0,0
1199,MYS,Malaysia,2011,0,0,0,0,24000,24000,0,0
1200,MYS,Malaysia,2012,0,0,0,0,22000,22000,0,0
1201,MYS,Malaysia,2013,0,0,0,0,43000,42626,0,0
1202,MYS,Malaysia,2014,0,0,0,0,256000,255711,0,0
1203,MYS,Malaysia,2015,0,0,0,0,21000,20607,0,0
1204,MYS,Malaysia,2016,0,0,0,0,18000,18475,0,0
1205,MYS,Malaysia,2017,0,0,0,0,82000,82393,0,0
1206,MYS,Malaysia,2018,0,0,0,0,38000,37983,0,0
1207,MYS,Malaysia,2019,0,0,0,0,63000,63228,15000,15286
1208,MYS,Malaysia,2020,0,0,0,0,24000,23618,8,8
1209,MYS,Malaysia,2021,0,0,0,0,129000,128536,7000,6983
1210,MYT,Mayotte,2019,0,0,0,0,10000,10450,0,0
1211,MYT,Mayotte,2021,8,8,8,8,0,0,0,0
1212,NAM,Namibia,2008,0,0,0,0,0,0,0,0
1213,NAM,Namibia,2009,0,0,0,0,55000,54581,0,0
1214,NAM,Namibia,2010,0,0,0,0,11000,11000,0,0
1215,NAM,Namibia,2011,0,0,0,0,60000,60000,0,0
1216,NAM,Namibia,2012,0,0,0,0,400,400,0,0
1217,NAM,Namibia,2013,0,0,0,0,18000,17915,0,0
1218,NAM,Namibia,2014,0,0,0,0,160,163,0,0
1219,NAM,Namibia,2015,0,0,0,0,8,8,0,0
1220,NAM,Namibia,2017,0,0,0,0,3400,3361,0,0
1221,NAM,Namibia,2018,0,0,0,0,13,13,0,0
1222,NAM,Namibia,2019,0,0,0,0,2,2,0,0
1223,NAM,Namibia,2020,0,0,0,0,200,200,0,0
1224,NAM,Namibia,2021,0,0,0,0,260,255,0,0
1225,NCL,New Caledonia,2011,0,0,0,0,0,0,0,0
1226,NCL,New Caledonia,2017,0,0,0,0,570,574,0,0
1227,NCL,New Caledonia,2018,0,0,0,0,48,48,0,0
1228,NCL,New Caledonia,2020,140,140,140,140,31,31,0,0
1229,NCL,New Caledonia,2021,150,151,13,13,5500,5496,0,0
1230,NER,Niger,2008,0,0,0,0,4300,4300,0,0
1231,NER,Niger,2009,11000,11000,0,0,5600,5560,0,0
1232,NER,Niger,2010,11000,11000,0,0,205000,205355,0,0
1233,NER,Niger,2011,11000,11000,0,0,28000,28175,0,0
1234,NER,Niger,2012,11000,11000,0,0,540000,540000,0,0
1235,NER,Niger,2013,11000,11000,0,0,201000,200961,0,0
1236,NER,Niger,2014,11000,11000,0,0,47000,47484,0,0
1237,NER,Niger,2015,153000,152926,47000,46988,38000,38321,0,0
1238,NER,Niger,2016,136000,136069,166000,166012,46000,46000,0,0
1239,NER,Niger,2017,144000,143561,40000,39766,189000,188500,0,0
1240,NER,Niger,2018,156000,156000,52000,52000,40000,40387,0,0
1241,NER,Niger,2019,195000,194677,57000,56583,121000,120935,121000,120935
1242,NER,Niger,2020,257000,257095,136000,135717,276000,275906,267000,266783
1243,NER,Niger,2021,224000,224016,110000,110203,118000,117747,40000,40241
1244,NFK,Norfolk Island,2021,0,0,0,0,0,0,0,0
1245,NGA,Nigeria,2009,0,0,5000,5000,140000,140000,0,0
1246,NGA,Nigeria,2010,0,0,5000,5000,560000,560000,0,0
1247,NGA,Nigeria,2011,0,0,65000,65000,6300,6300,0,0
1248,NGA,Nigeria,2012,0,0,63000,63000,3894000,3894063,0,0
1249,NGA,Nigeria,2013,3300000,3300000,471000,470500,117000,117420,0,0
1250,NGA,Nigeria,2014,1075000,1075300,975000,975300,3000,3002,0,0
1251,NGA,Nigeria,2015,2096000,2095812,737000,736671,100000,100420,0,0
1252,NGA,Nigeria,2016,1955000,1954529,501000,501160,78000,77733,0,0
1253,NGA,Nigeria,2017,1707000,1706818,279000,279427,122000,122006,0,0
1254,NGA,Nigeria,2018,2216000,2216469,541000,541464,613000,613308,0,0
1255,NGA,Nigeria,2019,2583000,2582615,248000,247713,157000,157003,143000,142720
1256,NGA,Nigeria,2020,2730000,2730425,169000,168556,279000,279157,143000,143110
1257,NGA,Nigeria,2021,3228000,3228380,376000,375552,24000,24366,107000,107058
1258,NIC,Nicaragua,2008,0,0,0,0,19000,18890,0,0
1259,NIC,Nicaragua,2009,0,0,0,0,0,0,0,0
1260,NIC,Nicaragua,2010,0,0,0,0,61000,61000,0,0
1261,NIC,Nicaragua,2011,0,0,0,0,10000,10278,0,0
1262,NIC,Nicaragua,2012,0,0,0,0,0,0,0,0
1263,NIC,Nicaragua,2013,0,0,0,0,160,161,0,0
1264,NIC,Nicaragua,2014,0,0,0,0,35000,34919,0,0
1265,NIC,Nicaragua,2015,0,0,0,0,1100,1071,0,0
1266,NIC,Nicaragua,2016,0,0,0,0,18000,18360,0,0
1267,NIC,Nicaragua,2017,0,0,0,0,20000,19980,0,0
1268,NIC,Nicaragua,2018,0,0,0,0,6900,6914,0,0
1269,NIC,Nicaragua,2019,0,0,0,0,580,576,19,19
1270,NIC,Nicaragua,2020,0,0,0,0,232000,231894,9100,9106
1271,NIC,Nicaragua,2021,0,0,0,0,0,0,0,0
1272,NIU,Niue,2021,0,0,0,0,0,0,0,0
1273,NLD,Netherlands,2020,0,0,0,0,4000,4003,0,0
1274,NLD,Netherlands,2021,0,0,0,0,51000,51343,0,0
1275,NOR,Norway,2011,0,0,0,0,0,0,0,0
1276,NOR,Norway,2014,0,0,0,0,680,680,0,0
1277,NOR,Norway,2015,0,0,0,0,220,220,0,0
1278,NOR,Norway,2016,0,0,0,0,260,259,0,0
1279,NOR,Norway,2017,0,0,0,0,220,220,0,0
1280,NOR,Norway,2019,0,0,0,0,620,620,0,0
1281,NOR,Norway,2020,0,0,0,0,1000,1018,84,84
1282,NOR,Norway,2021,0,0,0,0,780,783,4,4
1283,NPL,Nepal,2008,0,0,0,0,250000,250000,0,0
1284,NPL,Nepal,2009,60000,60000,5000,5000,18000,18300,0,0
1285,NPL,Nepal,2010,50000,50000,0,0,0,0,0,0
1286,NPL,Nepal,2011,50000,50000,0,0,46000,46476,0,0
1287,NPL,Nepal,2012,50000,50000,0,0,600,600,0,0
1288,NPL,Nepal,2013,50000,50000,0,0,12000,12474,0,0
1289,NPL,Nepal,2014,50000,50000,0,0,74000,74400,0,0
1290,NPL,Nepal,2015,50000,50000,0,0,2623000,2622828,0,0
1291,NPL,Nepal,2016,50000,50000,0,0,31000,31338,0,0
1292,NPL,Nepal,2017,2,2,2,2,384000,383904,0,0
1293,NPL,Nepal,2018,0,0,0,0,12000,12296,0,0
1294,NPL,Nepal,2019,0,0,0,0,121000,120902,29000,29342
1295,NPL,Nepal,2020,0,0,0,0,48000,48141,28000,28012
1296,NPL,Nepal,2021,0,0,0,0,32000,32492,8400,8353
1298,NZL,New Zealand,2010,0,0,0,0,250,250,0,0
1299,NZL,New Zealand,2011,0,0,0,0,2300,2300,0,0
1300,NZL,New Zealand,2012,0,0,0,0,450,450,0,0
1301,NZL,New Zealand,2013,0,0,0,0,210,210,0,0
1302,NZL,New Zealand,2015,0,0,0,0,440,440,0,0
1303,NZL,New Zealand,2016,0,0,0,0,1800,1789,0,0
1304,NZL,New Zealand,2017,0,0,0,0,6300,6250,0,0
1305,NZL,New Zealand,2018,0,0,0,0,990,989,0,0
1306,NZL,New Zealand,2019,0,0,0,0,1300,1298,11,11
1307,NZL,New Zealand,2020,0,0,0,0,4900,4937,370,368
1308,NZL,New Zealand,2021,0,0,0,0,4400,4363,50,50
1309,OMN,Oman,2010,0,0,0,0,0,0,0,0
1310,OMN,Oman,2011,0,0,0,0,0,0,0,0
1311,OMN,Oman,2013,0,0,0,0,350,350,0,0
1312,OMN,Oman,2017,0,0,0,0,320,320,0,0
1313,OMN,Oman,2018,0,0,0,0,10000,10000,0,0
1314,OMN,Oman,2019,0,0,0,0,1100,1079,0,0
1315,OMN,Oman,2020,0,0,0,0,120,118,0,0
1316,OMN,Oman,2021,0,0,0,0,5200,5210,0,0
1317,PAK,Pakistan,2008,0,0,0,0,89000,89200,0,0
1318,PAK,Pakistan,2009,1230000,1230000,3000000,3000000,84000,84290,0,0
1319,PAK,Pakistan,2010,980000,980000,400000,400000,11060000,11060000,0,0
1320,PAK,Pakistan,2011,900000,900000,190000,190000,300000,300000,0,0
1321,PAK,Pakistan,2012,758000,758000,412000,412000,1857000,1856570,0,0
1322,PAK,Pakistan,2013,747000,746700,140000,140000,407000,407436,0,0
1323,PAK,Pakistan,2014,1900000,1900000,907000,907000,771000,770577,0,0
1324,PAK,Pakistan,2015,1459000,1459312,0,0,1002000,1001665,0,0
1325,PAK,Pakistan,2016,464000,463921,2400,2356,13000,12673,0,0
1326,PAK,Pakistan,2017,249000,249491,75000,75137,1800,1750,0,0
1327,PAK,Pakistan,2018,119000,118996,1800,1832,2100,2078,0,0
1328,PAK,Pakistan,2019,106000,105844,16000,16051,100000,100082,15000,15375
1329,PAK,Pakistan,2020,104000,103602,390,388,829000,828524,806000,806274
1330,PAK,Pakistan,2021,104000,103602,0,0,70000,69721,70000,69721
1331,PAN,Panama,2008,0,0,0,0,0,0,0,0
1332,PAN,Panama,2009,0,0,0,0,0,0,0,0
1333,PAN,Panama,2010,0,0,0,0,0,0,0,0
1334,PAN,Panama,2011,0,0,0,0,0,0,0,0
1335,PAN,Panama,2012,0,0,0,0,3400,3400,0,0
1336,PAN,Panama,2013,0,0,0,0,1700,1720,0,0
1337,PAN,Panama,2014,0,0,0,0,320,319,0,0
1338,PAN,Panama,2015,0,0,0,0,100,100,0,0
1339,PAN,Panama,2016,0,0,0,0,1100,1054,0,0
1340,PAN,Panama,2017,0,0,0,0,300,302,0,0
1341,PAN,Panama,2019,0,0,0,0,240,237,29,29
1342,PAN,Panama,2020,0,0,0,0,3700,3657,0,0
1343,PAN,Panama,2021,0,0,0,0,2200,2222,0,0
1344,PCN,Pitcairn,2021,0,0,0,0,0,0,0,0
1345,PER,Peru,2008,0,0,0,0,45000,45000,0,0
1346,PER,Peru,2009,150000,150000,0,0,46000,45975,0,0
1347,PER,Peru,2010,150000,150000,0,0,10000,10000,0,0
1348,PER,Peru,2011,150000,150000,0,0,2700,2747,0,0
1349,PER,Peru,2012,150000,150000,0,0,184000,183951,0,0
1350,PER,Peru,2013,150000,150000,0,0,28000,27827,0,0
1351,PER,Peru,2014,150000,150000,0,0,950,952,0,0
1352,PER,Peru,2015,60000,60000,0,0,8400,8410,0,0
1353,PER,Peru,2016,62000,62237,0,0,17000,16990,0,0
1354,PER,Peru,2017,59000,59302,0,0,295000,295015,0,0
1355,PER,Peru,2018,59000,59302,0,0,8600,8560,0,0
1356,PER,Peru,2019,60000,59881,35,35,10000,10174,5800,5829
1357,PER,Peru,2020,60000,59846,0,0,8000,8033,6800,6788
1358,PER,Peru,2021,60000,59846,0,0,11000,10705,0,0
1359,PHL,Philippines,2008,0,0,0,0,2757000,2756634,0,0
1360,PHL,Philippines,2009,125000,125000,400000,400000,2062000,2062402,0,0
1361,PHL,Philippines,2010,15000,15000,70000,70000,1002000,1001991,0,0
1362,PHL,Philippines,2011,46000,46000,97000,97000,2499000,2499241,0,0
1363,PHL,Philippines,2012,0,0,178000,178000,3859000,3858596,0,0
1364,PHL,Philippines,2013,116000,115800,327000,327351,7022000,7022195,0,0
1365,PHL,Philippines,2014,78000,77700,124000,123800,5787000,5786981,0,0
1366,PHL,Philippines,2015,62000,62454,288000,287970,2221000,2221158,0,0
1367,PHL,Philippines,2016,87000,87417,280000,279870,5930000,5929853,0,0
1368,PHL,Philippines,2017,445000,445268,645000,644811,2529000,2528620,0,0
1369,PHL,Philippines,2018,301000,300806,188000,188314,3802000,3801971,0,0
1370,PHL,Philippines,2019,182000,181815,183000,183273,4094000,4094228,364000,364202
1371,PHL,Philippines,2020,153000,153057,111000,110622,4439000,4439048,145000,145042
1372,PHL,Philippines,2021,108000,108463,140000,140145,5681000,5680991,700000,700039
1373,PLW,Palau,2012,0,0,0,0,150,151,0,0
1374,PLW,Palau,2013,0,0,0,0,1500,1500,0,0
1375,PLW,Palau,2021,0,0,0,0,2500,2457,0,0
1376,PNG,Papua New Guinea,2008,0,0,0,0,75000,75000,0,0
1377,PNG,Papua New Guinea,2009,0,0,0,0,1000,1000,0,0
1378,PNG,Papua New Guinea,2010,0,0,0,0,0,0,0,0
1379,PNG,Papua New Guinea,2011,0,0,0,0,0,0,0,0
1380,PNG,Papua New Guinea,2012,0,0,0,0,75000,75000,0,0
1381,PNG,Papua New Guinea,2013,0,0,0,0,46,46,0,0
1382,PNG,Papua New Guinea,2014,7500,7500,1200,1200,21000,21144,0,0
1383,PNG,Papua New Guinea,2015,6300,6300,0,0,0,0,0,0
1384,PNG,Papua New Guinea,2016,8400,8420,290,290,1600,1630,0,0
1385,PNG,Papua New Guinea,2017,12000,12423,0,0,1400,1387,0,0
1386,PNG,Papua New Guinea,2018,12000,12440,360,360,61000,61028,0,0
1387,PNG,Papua New Guinea,2019,14000,14233,1300,1279,31000,30994,11000,11408
1388,PNG,Papua New Guinea,2020,14000,14216,0,0,3900,3894,2700,2663
1389,PNG,Papua New Guinea,2021,24000,23730,9500,9514,7500,7455,17000,16634
1390,POL,Poland,2009,0,0,0,0,0,0,0,0
1391,POL,Poland,2010,0,0,0,0,30000,30000,0,0
1392,POL,Poland,2019,0,0,0,0,18,18,0,0
1393,POL,Poland,2020,0,0,0,0,420,422,22,22
1394,POL,Poland,2021,0,0,0,0,120,121,120,121
1395,PRI,Puerto Rico,2017,0,0,0,0,86000,86406,0,0
1396,PRI,Puerto Rico,2018,0,0,0,0,400,400,0,0
1397,PRI,Puerto Rico,2019,0,0,0,0,240,240,5,5
1398,PRI,Puerto Rico,2020,0,0,0,0,11000,11268,8200,8238
1399,PRI,Puerto Rico,2021,0,0,0,0,0,0,0,0
1400,PRK,Dem. People's Rep. Korea,2010,0,0,0,0,28000,27500,0,0
1401,PRK,Dem. People's Rep. Korea,2011,0,0,0,0,25000,25000,0,0
1402,PRK,Dem. People's Rep. Korea,2012,0,0,0,0,232000,232000,0,0
1403,PRK,Dem. People's Rep. Korea,2013,0,0,0,0,82000,82000,0,0
1404,PRK,Dem. People's Rep. Korea,2015,0,0,0,0,6000,5968,0,0
1405,PRK,Dem. People's Rep. Korea,2016,0,0,0,0,107000,107000,0,0
1406,PRK,Dem. People's Rep. Korea,2018,0,0,0,0,69000,68826,0,0
1407,PRK,Dem. People's Rep. Korea,2019,0,0,0,0,6400,6362,930,927
1408,PRK,Dem. People's Rep. Korea,2020,0,0,0,0,5300,5345,5300,5345
1409,PRK,Dem. People's Rep. Korea,2021,0,0,0,0,5000,5000,0,0
1410,PRT,Portugal,2008,0,0,0,0,38,38,0,0
1411,PRT,Portugal,2010,0,0,0,0,0,0,0,0
1412,PRT,Portugal,2015,0,0,0,0,10,10,0,0
1413,PRT,Portugal,2016,0,0,0,0,1100,1052,0,0
1414,PRT,Portugal,2017,0,0,0,0,6800,6791,0,0
1415,PRT,Portugal,2018,0,0,0,0,410,407,0,0
1416,PRT,Portugal,2019,0,0,0,0,640,644,0,0
1417,PRT,Portugal,2020,0,0,0,0,28,28,0,0
1418,PRT,Portugal,2021,0,0,0,0,20,20,0,0
1419,PRY,Paraguay,2008,0,0,0,0,60,60,0,0
1420,PRY,Paraguay,2009,0,0,0,0,0,0,0,0
1421,PRY,Paraguay,2010,0,0,0,0,0,0,0,0
1422,PRY,Paraguay,2012,0,0,0,0,0,0,0,0
1423,PRY,Paraguay,2013,0,0,0,0,28000,28000,0,0
1424,PRY,Paraguay,2014,0,0,0,0,84000,83565,0,0
1425,PRY,Paraguay,2015,0,0,0,0,171000,171400,0,0
1426,PRY,Paraguay,2016,0,0,0,0,3600,3600,0,0
1427,PRY,Paraguay,2017,0,0,0,0,5200,5249,0,0
1428,PRY,Paraguay,2018,0,0,0,0,30000,30372,0,0
1429,PRY,Paraguay,2019,0,0,0,0,54000,54062,0,0
1430,PRY,Paraguay,2020,0,0,0,0,5,5,5,5
1431,PRY,Paraguay,2021,0,0,0,0,0,0,0,0
1432,PSE,Palestine,2009,160000,160000,100000,100000,0,0,0,0
1433,PSE,Palestine,2010,160000,160000,600,600,500,500,0,0
1434,PSE,Palestine,2011,160000,160000,1100,1100,0,0,0,0
1435,PSE,Palestine,2012,145000,144500,12000,12000,1200,1200,0,0
1436,PSE,Palestine,2013,146000,146000,1100,1100,11000,10650,0,0
1437,PSE,Palestine,2014,275000,275000,501000,501000,200,200,0,0
1438,PSE,Palestine,2015,221000,221425,740,741,10000,10000,0,0
1439,PSE,Palestine,2016,193000,193277,1600,1601,510,510,0,0
1440,PSE,Palestine,2017,231000,231473,700,700,77,77,0,0
1441,PSE,Palestine,2018,238000,237556,490,490,0,0,0,0
1442,PSE,Palestine,2019,243000,243355,1500,1516,2,2,0,0
1443,PSE,Palestine,2020,131000,131082,1000,1001,110,112,10,10
1444,PSE,Palestine,2021,12000,11711,118000,118211,30,30,0,0
1445,PYF,French Polynesia,2010,0,0,0,0,3500,3500,0,0
1446,PYF,French Polynesia,2017,0,0,0,0,1100,1140,0,0
1447,PYF,French Polynesia,2019,0,0,0,0,30,30,4,4
1448,PYF,French Polynesia,2020,0,0,0,0,27,27,0,0
1449,PYF,French Polynesia,2021,0,0,0,0,0,0,0,0
1450,QAT,Qatar,2021,0,0,0,0,0,0,0,0
1451,REU,Réunion,2021,0,0,0,0,14,14,0,0
1452,ROU,Romania,2008,0,0,0,0,11000,10520,0,0
1453,ROU,Romania,2009,0,0,0,0,0,0,0,0
1454,ROU,Romania,2010,0,0,0,0,0,0,0,0
1455,ROU,Romania,2014,0,0,0,0,2200,2235,0,0
1456,ROU,Romania,2015,0,0,0,0,160,157,0,0
1457,ROU,Romania,2016,0,0,0,0,1500,1480,0,0
1458,ROU,Romania,2018,0,0,0,0,1200,1206,0,0
1459,ROU,Romania,2019,0,0,0,0,460,460,0,0
1460,ROU,Romania,2020,0,0,0,0,290,287,0,0
1461,ROU,Romania,2021,0,0,0,0,410,412,0,0
1462,RUS,Russia,2009,80000,80000,0,0,0,0,0,0
1463,RUS,Russia,2010,78000,78000,0,0,23000,22950,0,0
1464,RUS,Russia,2011,0,0,0,0,3500,3500,0,0
1465,RUS,Russia,2012,29000,29000,0,0,32000,31875,0,0
1466,RUS,Russia,2013,35000,34900,0,0,29000,29198,0,0
1467,RUS,Russia,2014,25000,25378,0,0,23000,22857,0,0
1468,RUS,Russia,2015,27000,26607,0,0,6600,6600,0,0
1469,RUS,Russia,2016,19000,19327,0,0,3600,3631,0,0
1470,RUS,Russia,2017,19000,19327,0,0,5900,5899,0,0
1471,RUS,Russia,2018,2300,2279,0,0,3600,3574,0,0
1472,RUS,Russia,2019,1800,1824,0,0,12000,11697,3500,3462
1473,RUS,Russia,2020,1100,1085,0,0,250,248,130,125
1474,RUS,Russia,2021,470,474,0,0,5600,5622,130,132
1475,RWA,Rwanda,2008,0,0,0,0,5000,5000,0,0
1476,RWA,Rwanda,2009,0,0,0,0,0,0,0,0
1477,RWA,Rwanda,2010,0,0,0,0,5900,5920,0,0
1478,RWA,Rwanda,2011,0,0,0,0,1900,1860,0,0
1479,RWA,Rwanda,2012,0,0,0,0,3200,3225,0,0
1480,RWA,Rwanda,2013,0,0,0,0,1000,1026,0,0
1481,RWA,Rwanda,2015,0,0,0,0,2000,1999,0,0
1482,RWA,Rwanda,2016,0,0,0,0,9700,9731,0,0
1483,RWA,Rwanda,2017,0,0,0,0,5000,4988,0,0
1484,RWA,Rwanda,2018,0,0,0,0,47000,47295,0,0
1485,RWA,Rwanda,2019,0,0,0,0,12000,11531,5500,5475
1486,RWA,Rwanda,2020,0,0,0,0,6000,6005,4600,4636
1487,RWA,Rwanda,2021,0,0,0,0,15000,14960,700,699
1488,SAU,Saudi Arabia,2009,0,0,0,0,10000,10000,0,0
1489,SAU,Saudi Arabia,2010,0,0,0,0,0,0,0,0
1490,SAU,Saudi Arabia,2011,0,0,0,0,8200,8200,0,0
1491,SAU,Saudi Arabia,2012,0,0,0,0,0,0,0,0
1492,SAU,Saudi Arabia,2013,0,0,0,0,4700,4700,0,0
1493,SAU,Saudi Arabia,2016,0,0,0,0,280,280,0,0
1494,SAU,Saudi Arabia,2017,0,0,0,0,100,100,0,0
1495,SAU,Saudi Arabia,2018,0,0,0,0,2000,2046,0,0
1496,SAU,Saudi Arabia,2019,0,0,0,0,260,260,0,0
1497,SAU,Saudi Arabia,2020,0,0,0,0,610,606,0,0
1498,SAU,Saudi Arabia,2021,0,0,0,0,0,0,0,0
1499,SDN,Sudan,2008,0,0,0,0,47000,46500,0,0
1500,SDN,Sudan,2009,4900000,4900000,530000,530000,80000,80000,0,0
1501,SDN,Sudan,2010,4800000,4800000,490000,490000,20000,20000,0,0
1502,SDN,Sudan,2011,2200000,2200000,115000,115000,19000,18804,0,0
1503,SDN,Sudan,2012,3000000,3000000,500000,500000,84000,84000,0,0
1504,SDN,Sudan,2013,2427000,2426700,470000,470000,284000,283646,0,0
1505,SDN,Sudan,2014,3100000,3100000,558000,557500,187000,187000,0,0
1506,SDN,Sudan,2015,3182000,3182286,144000,143760,8300,8311,0,0
1507,SDN,Sudan,2016,3300000,3300000,97000,97481,123000,122738,0,0
1508,SDN,Sudan,2017,2072000,2071956,17000,17218,54000,54080,0,0
1509,SDN,Sudan,2018,2072000,2071821,41000,40795,121000,120756,0,0
1510,SDN,Sudan,2019,2134000,2134323,84000,83819,272000,272443,272000,272443
1511,SDN,Sudan,2020,2276000,2276314,79000,79399,454000,453574,454000,453574
1512,SDN,Sudan,2021,3175000,3175046,442000,442427,99000,98656,85000,85476
1513,SEN,Senegal,2009,24000,24000,1000,1000,264000,264000,0,0
1514,SEN,Senegal,2010,24000,24000,4000,4000,7800,7802,0,0
1515,SEN,Senegal,2011,24000,24000,0,0,1600,1640,0,0
1516,SEN,Senegal,2012,22000,22000,170,168,20000,20000,0,0
1517,SEN,Senegal,2013,24000,24000,0,0,13000,13300,0,0
1518,SEN,Senegal,2014,24000,24000,0,0,0,0,0,0
1519,SEN,Senegal,2015,24000,24000,0,0,0,0,0,0
1520,SEN,Senegal,2016,24000,24000,0,0,24000,24192,0,0
1521,SEN,Senegal,2017,22000,21540,0,0,630,628,0,0
1522,SEN,Senegal,2018,18000,18384,0,0,2,2,0,0
1523,SEN,Senegal,2019,8400,8406,0,0,4400,4438,140,138
1524,SEN,Senegal,2020,8400,8406,0,0,3300,3285,2000,2000
1525,SEN,Senegal,2021,8400,8406,0,0,1300,1322,0,0
1526,SGP,Singapore,2021,0,0,0,0,0,0,0,0
1527,SGS,South Georgia and the South Sandwich Islands,2021,0,0,0,0,0,0,0,0
1528,SHN,Saint Helena,2021,0,0,0,0,0,0,0,0
1529,SJM,Svalbard and Jan Mayen Islands,2021,0,0,0,0,0,0,0,0
1530,SLB,Solomon Islands,2009,0,0,0,0,0,0,0,0
1531,SLB,Solomon Islands,2010,0,0,0,0,7900,7850,0,0
1532,SLB,Solomon Islands,2011,0,0,0,0,0,0,0,0
1533,SLB,Solomon Islands,2012,0,0,0,0,1000,1047,0,0
1534,SLB,Solomon Islands,2013,0,0,0,0,3500,3500,0,0
1535,SLB,Solomon Islands,2014,0,0,0,0,9000,9000,0,0
1536,SLB,Solomon Islands,2015,0,0,0,0,1000,1000,0,0
1537,SLB,Solomon Islands,2016,0,0,0,0,1300,1328,0,0
1538,SLB,Solomon Islands,2017,0,0,0,0,580,575,0,0
1539,SLB,Solomon Islands,2018,0,0,0,0,1100,1058,0,0
1540,SLB,Solomon Islands,2019,0,0,0,0,31,31,0,0
1541,SLB,Solomon Islands,2020,0,0,0,0,320,319,310,308
1542,SLB,Solomon Islands,2021,1000,1000,1000,1000,5,5,0,0
1543,SLE,Sierra Leone,2009,0,0,0,0,0,0,0,0
1544,SLE,Sierra Leone,2010,0,0,0,0,0,0,0,0
1545,SLE,Sierra Leone,2011,0,0,0,0,0,0,0,0
1546,SLE,Sierra Leone,2013,0,0,0,0,8400,8437,0,0
1547,SLE,Sierra Leone,2017,0,0,0,0,12000,11816,0,0
1548,SLE,Sierra Leone,2018,3000,3000,3000,3000,0,0,0,0
1549,SLE,Sierra Leone,2019,5500,5502,2500,2502,5300,5318,2500,2528
1550,SLE,Sierra Leone,2020,5500,5500,0,0,0,0,0,0
1551,SLE,Sierra Leone,2021,5500,5500,0,0,0,0,0,0
1552,SLV,El Salvador,2008,0,0,0,0,95,95,0,0
1553,SLV,El Salvador,2009,0,0,0,0,15000,15000,0,0
1554,SLV,El Salvador,2010,0,0,0,0,16000,15508,0,0
1555,SLV,El Salvador,2011,0,0,0,0,60000,59854,0,0
1556,SLV,El Salvador,2013,0,0,0,0,2300,2300,0,0
1557,SLV,El Salvador,2014,0,0,191000,191205,22,22,0,0
1558,SLV,El Salvador,2015,0,0,170000,170105,2000,1982,0,0
1559,SLV,El Salvador,2016,0,0,220000,219724,480,475,0,0
1560,SLV,El Salvador,2017,0,0,296000,295897,390,389,0,0
1561,SLV,El Salvador,2018,0,0,246000,246311,4700,4655,0,0
1562,SLV,El Salvador,2019,0,0,454000,453706,1900,1884,0,0
1563,SLV,El Salvador,2020,0,0,114000,114026,17000,16775,62,62
1564,SLV,El Salvador,2021,0,0,175000,175254,550,550,0,0
1565,SMR,San Marino,2021,0,0,0,0,0,0,0,0
1566,SOM,Somalia,2008,0,0,0,0,12000,12000,0,0
1567,SOM,Somalia,2009,1500000,1500000,400000,400000,0,0,0,0
1568,SOM,Somalia,2010,1500000,1500000,300000,300000,5200,5200,0,0
1569,SOM,Somalia,2011,1459000,1459000,100000,100000,0,0,0,0
1570,SOM,Somalia,2012,1350000,1350000,185000,185000,28000,28000,0,0
1571,SOM,Somalia,2013,1100000,1100000,80000,80000,60000,59500,0,0
1572,SOM,Somalia,2014,1107000,1106751,89000,89000,36000,36065,0,0
1573,SOM,Somalia,2015,1223000,1223000,90000,90000,59000,58885,0,0
1574,SOM,Somalia,2016,1107000,1106751,113000,112500,70000,70000,0,0
1575,SOM,Somalia,2017,825000,824551,388000,387558,899000,899332,0,0
1576,SOM,Somalia,2018,2648000,2648000,578000,578170,547000,546801,0,0
1577,SOM,Somalia,2019,2648000,2648000,188000,188229,479000,479483,650,649
1578,SOM,Somalia,2020,2968000,2967500,293000,292518,1037000,1036701,0,0
1579,SOM,Somalia,2021,2968000,2967500,549000,548884,271000,271305,0,0
1580,SPM,Saint Pierre and Miquelon,2021,0,0,0,0,0,0,0,0
1581,SRB,Serbia,2009,225000,225200,0,0,0,0,0,0
1582,SRB,Serbia,2010,225000,225100,0,0,4500,4470,0,0
1583,SRB,Serbia,2011,225000,225000,0,0,0,0,0,0
1584,SRB,Serbia,2012,225000,225000,0,0,0,0,0,0
1585,SRB,Serbia,2013,97000,97300,0,0,190,194,0,0
1586,SRB,Serbia,2014,97000,97300,0,0,33000,33237,0,0
1587,SRB,Serbia,2016,0,0,0,0,39,39,0,0
1588,SRB,Serbia,2017,0,0,0,0,42,42,0,0
1589,SRB,Serbia,2018,0,0,0,0,130,127,0,0
1590,SRB,Serbia,2019,0,0,0,0,300,297,0,0
1591,SRB,Serbia,2020,0,0,0,0,880,878,0,0
1592,SRB,Serbia,2021,0,0,0,0,34,34,0,0
1594,SSD,South Sudan,2011,350000,350000,350000,350000,0,0,0,0
1595,SSD,South Sudan,2012,350000,350000,190000,190473,340000,340000,0,0
1596,SSD,South Sudan,2013,383000,383000,383000,383000,116000,115783,0,0
1597,SSD,South Sudan,2014,1498000,1498200,1304000,1304200,112000,112341,0,0
1598,SSD,South Sudan,2015,1697000,1696962,199000,198762,15000,15000,0,0
1599,SSD,South Sudan,2016,1854000,1853924,281000,281229,0,0,0,0
1600,SSD,South Sudan,2017,1899000,1898699,857000,856769,75000,74725,0,0
1601,SSD,South Sudan,2018,1869000,1868899,321000,321303,6600,6622,0,0
1602,SSD,South Sudan,2019,1352000,1351876,259000,258598,294000,294325,246000,245533
1603,SSD,South Sudan,2020,1436000,1435781,271000,271149,443000,442882,106000,106329
1604,SSD,South Sudan,2021,1369000,1368635,429000,429432,506000,505544,527000,526975
1605,STP,Sao Tome and Principe,2021,0,0,0,0,500,500,0,0
1606,SUR,Suriname,2013,0,0,0,0,300,300,0,0
1607,SUR,Suriname,2017,0,0,0,0,6000,6000,0,0
1608,SUR,Suriname,2021,0,0,0,0,6500,6500,0,0
1609,SVK,Slovakia,2010,0,0,0,0,0,0,0,0
1610,SVK,Slovakia,2018,0,0,0,0,270,274,0,0
1611,SVK,Slovakia,2020,0,0,0,0,60,60,0,0
1612,SVK,Slovakia,2021,0,0,0,0,0,0,0,0
1613,SVN,Slovenia,2018,0,0,0,0,340,336,0,0
1614,SVN,Slovenia,2021,0,0,0,0,0,0,0,0
1615,SWE,Sweden,2014,0,0,0,0,1000,1000,0,0
1616,SWE,Sweden,2015,0,0,0,0,100,100,0,0
1617,SWE,Sweden,2018,0,0,0,0,130,126,0,0
1618,SWE,Sweden,2019,0,0,0,0,47,47,0,0
1619,SWE,Sweden,2021,0,0,0,0,0,0,0,0
1620,SWZ,Eswatini,2018,0,0,0,0,110,111,0,0
1621,SWZ,Eswatini,2021,0,0,0,0,110,105,0,0
1622,SXM,Sint Maarten (Dutch part),2017,0,0,0,0,13000,12706,0,0
1623,SXM,Sint Maarten (Dutch part),2021,0,0,0,0,0,0,0,0
1624,SYC,Seychelles,2013,0,0,0,0,1100,1058,0,0
1625,SYC,Seychelles,2014,0,0,0,0,7,7,0,0
1626,SYC,Seychelles,2016,0,0,0,0,20,20,0,0
1627,SYC,Seychelles,2021,0,0,0,0,0,0,0,0
1628,SYR,Syria,2009,433000,433000,0,0,0,0,0,0
1629,SYR,Syria,2010,433000,433000,0,0,0,0,0,0
1630,SYR,Syria,2011,600000,600000,156000,156000,0,0,0,0
1631,SYR,Syria,2012,3000000,3000000,2400000,2400000,0,0,0,0
1632,SYR,Syria,2013,6500000,6500000,3500000,3500000,0,0,0,0
1633,SYR,Syria,2014,7600000,7600000,1100000,1100000,2300,2338,0,0
1634,SYR,Syria,2015,6600000,6600000,1300000,1300000,0,0,0,0
1635,SYR,Syria,2016,6326000,6325978,2148000,2148000,0,0,0,0
1636,SYR,Syria,2017,6784000,6784127,2911000,2911272,2300,2280,0,0
1637,SYR,Syria,2018,6119000,6118928,1649000,1649476,27000,26684,0,0
1638,SYR,Syria,2019,6495000,6495392,1847000,1847140,17000,17100,2900,2900
1639,SYR,Syria,2020,6568000,6567759,1822000,1821973,25000,25000,0,0
1640,SYR,Syria,2021,6662000,6661640,456000,455540,79000,78690,0,0
1641,TCA,Turks and Caicos Islands,2016,0,0,0,0,50,50,0,0
1642,TCA,Turks and Caicos Islands,2017,0,0,0,0,60,60,0,0
1643,TCA,Turks and Caicos Islands,2021,0,0,0,0,0,0,0,0
1644,TCD,Chad,2008,0,0,0,0,10000,10000,0,0
1645,TCD,Chad,2009,168000,168000,0,0,5800,5795,0,0
1646,TCD,Chad,2010,171000,171000,0,0,70000,70000,0,0
1647,TCD,Chad,2011,126000,126000,0,0,0,0,0,0
1648,TCD,Chad,2012,90000,90000,0,0,500000,500000,0,0
1649,TCD,Chad,2013,90000,90000,0,0,88000,88199,0,0
1650,TCD,Chad,2014,71000,71000,0,0,9900,9888,0,0
1651,TCD,Chad,2015,107000,107157,36000,36157,0,0,0,0
1652,TCD,Chad,2016,108000,108476,36000,36278,5700,5650,0,0
1653,TCD,Chad,2017,158000,157734,5800,5776,0,0,0,0
1654,TCD,Chad,2018,90000,89863,0,0,2000,2000,0,0
1655,TCD,Chad,2019,176000,175603,58000,58293,30000,30386,27000,26683
1656,TCD,Chad,2020,342000,342069,79000,79124,71000,71431,680,675
1657,TCD,Chad,2021,392000,391725,42000,42355,24000,24144,24000,24218
1658,TGO,Togo,2008,0,0,0,0,2000,2000,0,0
1659,TGO,Togo,2009,10000,10000,0,0,0,0,0,0
1660,TGO,Togo,2010,10000,10000,0,0,50000,50000,0,0
1661,TGO,Togo,2011,10000,10000,0,0,0,0,0,0
1662,TGO,Togo,2012,10000,10000,0,0,0,0,0,0
1663,TGO,Togo,2013,10000,10000,0,0,120,117,0,0
1664,TGO,Togo,2014,10000,10000,0,0,0,0,0,0
1665,TGO,Togo,2015,3000,3000,0,0,5000,5000,0,0
1666,TGO,Togo,2016,1500,1500,0,0,0,0,0,0
1667,TGO,Togo,2017,0,0,2700,2655,50,50,0,0
1668,TGO,Togo,2018,0,0,0,0,0,0,0,0
1669,TGO,Togo,2019,2000,2000,2000,2000,0,0,0,0
1670,TGO,Togo,2021,0,0,0,0,0,0,0,0
1671,THA,Thailand,2008,0,0,0,0,203000,202680,0,0
1672,THA,Thailand,2009,0,0,0,0,68000,68000,0,0
1673,THA,Thailand,2010,0,0,0,0,1000000,1000000,0,0
1674,THA,Thailand,2011,35000,35000,50000,50000,1645000,1644965,0,0
1675,THA,Thailand,2012,35000,35000,0,0,3400,3400,0,0
1676,THA,Thailand,2013,35000,35000,100,100,13000,13282,0,0
1677,THA,Thailand,2014,35000,35000,0,0,27000,27155,0,0
1678,THA,Thailand,2015,35000,35000,0,0,240,237,0,0
1679,THA,Thailand,2016,35000,35000,0,0,90000,90160,0,0
1680,THA,Thailand,2017,41000,40584,0,0,50000,50371,0,0
1681,THA,Thailand,2018,41000,40584,0,0,4600,4648,0,0
1682,THA,Thailand,2019,41000,40584,0,0,61000,61352,450,448
1683,THA,Thailand,2020,41000,40584,0,0,13000,13491,320,320
1684,THA,Thailand,2021,41000,41104,520,520,9400,9405,3000,3010
1685,TJK,Tajikistan,2008,0,0,0,0,0,0,0,0
1686,TJK,Tajikistan,2009,0,0,0,0,0,0,0,0
1687,TJK,Tajikistan,2010,0,0,0,0,2000,2009,0,0
1688,TJK,Tajikistan,2011,0,0,0,0,0,0,0,0
1689,TJK,Tajikistan,2012,0,0,0,0,6400,6390,0,0
1690,TJK,Tajikistan,2013,0,0,0,0,660,655,0,0
1691,TJK,Tajikistan,2014,0,0,0,0,460,462,0,0
1692,TJK,Tajikistan,2015,0,0,0,0,11000,11469,0,0
1693,TJK,Tajikistan,2016,0,0,0,0,2400,2380,0,0
1694,TJK,Tajikistan,2017,0,0,0,0,4700,4665,0,0
1695,TJK,Tajikistan,2018,0,0,0,0,5400,5429,0,0
1696,TJK,Tajikistan,2019,0,0,0,0,4800,4811,2100,2118
1697,TJK,Tajikistan,2020,0,0,0,0,1500,1525,0,0
1698,TJK,Tajikistan,2021,0,0,15000,15000,1200,1167,780,778
1699,TKL,Tokelau,2011,0,0,0,0,0,0,0,0
1700,TKL,Tokelau,2021,0,0,0,0,0,0,0,0
1701,TKM,Turkmenistan,2009,4000,4000,0,0,0,0,0,0
1702,TKM,Turkmenistan,2010,4000,4000,0,0,0,0,0,0
1703,TKM,Turkmenistan,2011,4000,4000,0,0,0,0,0,0
1704,TKM,Turkmenistan,2012,4000,4000,0,0,0,0,0,0
1705,TKM,Turkmenistan,2013,4000,4000,0,0,0,0,0,0
1706,TKM,Turkmenistan,2014,4000,4000,0,0,0,0,0,0
1707,TKM,Turkmenistan,2021,0,0,0,0,0,0,0,0
1708,TLS,Timor-Leste,2009,400,400,100,100,0,0,0,0
1709,TLS,Timor-Leste,2010,400,400,0,0,0,0,0,0
1710,TLS,Timor-Leste,2011,900,900,1000,1000,0,0,0,0
1711,TLS,Timor-Leste,2012,900,900,0,0,0,0,0,0
1712,TLS,Timor-Leste,2013,900,900,0,0,1300,1291,0,0
1713,TLS,Timor-Leste,2014,900,900,2100,2086,2300,2329,0,0
1714,TLS,Timor-Leste,2015,0,0,0,0,310,311,0,0
1715,TLS,Timor-Leste,2016,0,0,0,0,110,112,0,0
1716,TLS,Timor-Leste,2020,0,0,0,0,1100,1141,1100,1064
1717,TLS,Timor-Leste,2021,0,0,0,0,16000,15876,110,107
1718,TON,Tonga,2009,0,0,0,0,0,0,0,0
1719,TON,Tonga,2011,0,0,0,0,0,0,0,0
1720,TON,Tonga,2012,0,0,0,0,400,400,0,0
1721,TON,Tonga,2013,0,0,0,0,17,17,0,0
1722,TON,Tonga,2014,0,0,0,0,5300,5306,0,0
1723,TON,Tonga,2016,0,0,0,0,3000,3000,0,0
1724,TON,Tonga,2018,0,0,0,0,5700,5700,0,0
1725,TON,Tonga,2020,0,0,0,0,2700,2678,93,93
1726,TON,Tonga,2021,0,0,0,0,0,0,0,0
1727,TTO,Trinidad and Tobago,2013,0,0,0,0,29,29,0,0
1728,TTO,Trinidad and Tobago,2017,0,0,0,0,200,200,0,0
1729,TTO,Trinidad and Tobago,2018,0,0,0,0,860,860,0,0
1730,TTO,Trinidad and Tobago,2019,0,0,0,0,48,48,3,3
1731,TTO,Trinidad and Tobago,2020,0,0,0,0,33,33,6,6
1732,TTO,Trinidad and Tobago,2021,0,0,0,0,0,0,0,0
1733,TUN,Tunisia,2009,0,0,0,0,0,0,0,0
1734,TUN,Tunisia,2013,0,0,0,0,6,6,0,0
1735,TUN,Tunisia,2015,0,0,0,0,120,120,0,0
1736,TUN,Tunisia,2017,0,0,0,0,990,992,0,0
1737,TUN,Tunisia,2018,0,0,0,0,3300,3348,0,0
1738,TUN,Tunisia,2019,4,4,4,4,32,32,0,0
1739,TUN,Tunisia,2020,0,0,0,0,10000,10000,0,0
1740,TUN,Tunisia,2021,0,0,0,0,3200,3204,150,148
1741,TUR,Türkiye,2008,0,0,0,0,300,300,0,0
1742,TUR,Türkiye,2009,1000000,1000000,0,0,20000,20000,0,0
1743,TUR,Türkiye,2010,1000000,1000000,0,0,200,200,0,0
1744,TUR,Türkiye,2011,1000000,1000000,0,0,252000,252000,0,0
1745,TUR,Türkiye,2012,1000000,1000000,200,200,0,0,0,0
1746,TUR,Türkiye,2013,954000,953700,0,0,0,0,0,0
1747,TUR,Türkiye,2014,954000,953700,0,0,480,478,0,0
1748,TUR,Türkiye,2015,954000,954000,0,0,1500,1500,0,0
1749,TUR,Türkiye,2016,1108000,1108000,204000,204000,200,200,0,0
1750,TUR,Türkiye,2017,1113000,1112954,0,0,0,0,0,0
1751,TUR,Türkiye,2018,1097000,1097493,0,0,640,635,0,0
1752,TUR,Türkiye,2019,1099000,1099493,2000,2000,540,540,110,107
1753,TUR,Türkiye,2020,1099000,1099493,0,0,41000,40983,44000,43762
1754,TUR,Türkiye,2021,1099000,1099493,0,0,84000,84131,11000,11341
1755,TUV,Tuvalu,2015,0,0,0,0,5400,5435,0,0
1756,TUV,Tuvalu,2020,0,0,0,0,400,400,0,0
1757,TUV,Tuvalu,2021,0,0,0,0,0,0,0,0
1758,TWN,"Taiwan, China",2009,0,0,0,0,25000,24950,0,0
1759,TWN,"Taiwan, China",2010,0,0,0,0,0,0,0,0
1760,TWN,"Taiwan, China",2012,0,0,0,0,6000,6000,0,0
1761,TWN,"Taiwan, China",2013,0,0,0,0,22000,22146,0,0
1762,TWN,"Taiwan, China",2014,0,0,0,0,9400,9388,0,0
1763,TWN,"Taiwan, China",2015,0,0,0,0,27000,27141,0,0
1764,TWN,"Taiwan, China",2016,0,0,0,0,45000,45175,0,0
1765,TWN,"Taiwan, China",2017,0,0,0,0,20000,20343,0,0
1766,TWN,"Taiwan, China",2018,0,0,0,0,19000,18752,0,0
1767,TWN,"Taiwan, China",2019,0,0,0,0,13000,13124,560,563
1768,TWN,"Taiwan, China",2020,0,0,0,0,3500,3540,0,0
1769,TWN,"Taiwan, China",2021,0,0,0,0,11000,10652,0,0
1770,TZA,Tanzania,2008,0,0,0,0,2400,2442,0,0
1771,TZA,Tanzania,2009,0,0,0,0,11000,10599,0,0
1772,TZA,Tanzania,2011,0,0,0,0,22000,22000,0,0
1773,TZA,Tanzania,2012,0,0,0,0,10000,10000,0,0
1774,TZA,Tanzania,2014,0,0,0,0,14000,13650,0,0
1775,TZA,Tanzania,2015,0,0,0,0,3500,3500,0,0
1776,TZA,Tanzania,2016,0,0,0,0,36000,35942,0,0
1777,TZA,Tanzania,2017,0,0,0,0,1900,1918,0,0
1778,TZA,Tanzania,2018,0,0,0,0,29000,29206,0,0
1779,TZA,Tanzania,2019,0,0,0,0,11000,10759,1300,1349
1780,TZA,Tanzania,2020,0,0,0,0,57000,56848,38000,38348
1781,TZA,Tanzania,2021,0,0,0,0,47000,46707,940,938
1782,UGA,Uganda,2008,0,0,0,0,15000,15000,0,0
1783,UGA,Uganda,2009,435000,435000,0,0,0,0,0,0
1784,UGA,Uganda,2010,166000,166000,0,0,0,0,0,0
1785,UGA,Uganda,2011,30000,30000,0,0,6400,6400,0,0
1786,UGA,Uganda,2012,30000,30000,0,0,220,216,0,0
1787,UGA,Uganda,2013,30000,29800,0,0,30000,30219,0,0
1788,UGA,Uganda,2014,30000,29800,0,0,50000,50106,0,0
1789,UGA,Uganda,2015,30000,29776,0,0,600,600,0,0
1790,UGA,Uganda,2016,53000,53000,23000,23000,2500,2494,0,0
1791,UGA,Uganda,2017,24000,24343,1300,1343,95000,95070,0,0
1792,UGA,Uganda,2018,32000,32283,9000,9040,164000,164490,0,0
1793,UGA,Uganda,2019,32000,32140,2300,2317,130000,130283,1100,1059
1794,UGA,Uganda,2020,1000,1032,79,79,40000,40390,33000,32593
1795,UGA,Uganda,2021,1700,1700,1300,1278,47000,46690,24000,24303
1796,UKR,Ukraine,2008,0,0,0,0,25000,25000,0,0
1797,UKR,Ukraine,2010,0,0,0,0,0,0,0,0
1798,UKR,Ukraine,2012,0,0,0,0,0,0,0,0
1799,UKR,Ukraine,2013,0,0,0,0,600,600,0,0
1800,UKR,Ukraine,2014,647000,646500,647000,646500,0,0,0,0
1801,UKR,Ukraine,2015,1679000,1678587,942000,942418,0,0,0,0
1802,UKR,Ukraine,2016,1653000,1652512,109000,108921,130,126,0,0
1803,UKR,Ukraine,2017,800000,800000,21000,21415,0,0,0,0
1804,UKR,Ukraine,2018,800000,800208,12000,12162,0,0,0,0
1805,UKR,Ukraine,2019,730000,730000,60,60,0,0,0,0
1806,UKR,Ukraine,2020,734000,734344,74,74,2000,2030,240,237
1807,UKR,Ukraine,2021,854000,854000,40,40,2000,1997,12,12
1808,UMI,United States Minor Outlying Islands,2021,0,0,0,0,0,0,0,0
1809,URY,Uruguay,2009,0,0,0,0,0,0,0,0
1810,URY,Uruguay,2010,0,0,0,0,0,0,0,0
1811,URY,Uruguay,2013,0,0,0,0,1000,1000,0,0
1812,URY,Uruguay,2014,0,0,0,0,4900,4930,0,0
1813,URY,Uruguay,2015,0,0,0,0,24000,23571,0,0
1814,URY,Uruguay,2016,0,0,0,0,12000,12303,0,0
1815,URY,Uruguay,2017,0,0,0,0,9100,9100,0,0
1816,URY,Uruguay,2018,0,0,0,0,300,301,0,0
1817,URY,Uruguay,2019,0,0,0,0,22000,21758,0,0
1818,URY,Uruguay,2020,0,0,0,0,370,367,0,0
1819,URY,Uruguay,2021,0,0,0,0,160,156,0,0
1820,USA,United States,2008,0,0,0,0,2020000,2019773,0,0
1821,USA,United States,2009,0,0,0,0,1300,1326,0,0
1822,USA,United States,2010,0,0,0,0,0,0,0,0
1823,USA,United States,2011,0,0,0,0,52000,52225,0,0
1824,USA,United States,2012,0,0,0,0,901000,900932,0,0
1825,USA,United States,2013,0,0,0,0,188000,187865,0,0
1826,USA,United States,2014,0,0,0,0,34000,34321,0,0
1827,USA,United States,2015,0,0,0,0,63000,63337,0,0
1828,USA,United States,2016,0,0,0,0,1107000,1107321,0,0
1829,USA,United States,2017,0,0,0,0,1686000,1685796,0,0
1830,USA,United States,2018,0,0,0,0,1247000,1247294,0,0
1831,USA,United States,2019,0,0,0,0,916000,916349,37000,37359
1832,USA,United States,2020,0,0,0,0,1714000,1713987,126000,125950
1833,USA,United States,2021,0,0,0,0,573000,573078,56000,55568
1834,UZB,Uzbekistan,2009,3400,3400,0,0,0,0,0,0
1835,UZB,Uzbekistan,2010,3400,3400,0,0,0,0,0,0
1836,UZB,Uzbekistan,2011,3400,3400,0,0,0,0,0,0
1837,UZB,Uzbekistan,2012,3400,3400,0,0,0,0,0,0
1838,UZB,Uzbekistan,2013,3400,3400,0,0,0,0,0,0
1839,UZB,Uzbekistan,2014,3400,3400,0,0,0,0,0,0
1840,UZB,Uzbekistan,2020,0,0,0,0,70000,70000,0,0
1841,UZB,Uzbekistan,2021,0,0,0,0,0,0,0,0
1842,VAT,Holy See,2021,0,0,0,0,0,0,0,0
1843,VCT,St. Vincent and the Grenadines,2010,0,0,0,0,100,100,0,0
1844,VCT,St. Vincent and the Grenadines,2011,0,0,0,0,0,0,0,0
1845,VCT,St. Vincent and the Grenadines,2013,0,0,0,0,2300,2325,0,0
1846,VCT,St. Vincent and the Grenadines,2016,0,0,0,0,340,338,0,0
1847,VCT,St. Vincent and the Grenadines,2017,0,0,0,0,20,20,0,0
1848,VCT,St. Vincent and the Grenadines,2019,0,0,0,0,230,232,0,0
1849,VCT,St. Vincent and the Grenadines,2021,0,0,0,0,23000,23032,1800,1767
1850,VEN,Venezuela,2008,0,0,0,0,4700,4695,0,0
1851,VEN,Venezuela,2010,0,0,0,0,102000,101684,0,0
1852,VEN,Venezuela,2011,0,0,0,0,0,0,0,0
1853,VEN,Venezuela,2012,0,0,0,0,1000,1000,0,0
1854,VEN,Venezuela,2015,0,0,0,0,45000,45481,0,0
1855,VEN,Venezuela,2016,0,0,0,0,230,228,0,0
1856,VEN,Venezuela,2017,0,0,0,0,2100,2076,0,0
1857,VEN,Venezuela,2018,0,0,0,0,32000,31707,0,0
1858,VEN,Venezuela,2019,0,0,0,0,320,320,320,320
1859,VEN,Venezuela,2020,0,0,0,0,2400,2362,2300,2307
1860,VEN,Venezuela,2021,0,0,0,0,33000,32592,32000,32392
1861,VGB,Islas Vírgenes Británicas,2017,0,0,0,0,6000,6000,0,0
1862,VGB,Islas Vírgenes Británicas,2021,0,0,0,0,0,0,0,0
1863,VIR,Virgin Islands (U.S.),2017,0,0,0,0,2300,2311,0,0
1864,VIR,Virgin Islands (U.S.),2021,0,0,0,0,0,0,0,0
1865,VNM,Viet Nam,2008,0,0,0,0,106000,105590,0,0
1866,VNM,Viet Nam,2009,0,0,0,0,187000,186900,0,0
1867,VNM,Viet Nam,2010,0,0,0,0,442000,441849,0,0
1868,VNM,Viet Nam,2011,0,0,0,0,230000,230000,0,0
1869,VNM,Viet Nam,2012,0,0,0,0,15000,15000,0,0
1870,VNM,Viet Nam,2013,0,0,0,0,1040000,1040338,0,0
1871,VNM,Viet Nam,2014,0,0,0,0,68000,67950,0,0
1872,VNM,Viet Nam,2015,0,0,0,0,9600,9551,0,0
1873,VNM,Viet Nam,2016,0,0,0,0,81000,80537,0,0
1874,VNM,Viet Nam,2017,0,0,0,0,633000,633463,0,0
1875,VNM,Viet Nam,2018,0,0,0,0,143000,143047,0,0
1876,VNM,Viet Nam,2019,0,0,0,0,89000,88749,7200,7206
1877,VNM,Viet Nam,2020,0,0,0,0,1267000,1267477,162000,161812
1878,VNM,Viet Nam,2021,0,0,0,0,780000,779699,1800,1816
1879,VUT,Vanuatu,2009,0,0,0,0,0,0,0,0
1880,VUT,Vanuatu,2011,0,0,0,0,400,400,0,0
1881,VUT,Vanuatu,2012,0,0,0,0,700,700,0,0
1882,VUT,Vanuatu,2013,0,0,0,0,69,69,0,0
1883,VUT,Vanuatu,2014,0,0,0,0,350,349,0,0
1884,VUT,Vanuatu,2015,0,0,0,0,65000,65000,0,0
1885,VUT,Vanuatu,2017,0,0,0,0,14000,14259,0,0
1886,VUT,Vanuatu,2018,0,0,0,0,13000,12972,0,0
1887,VUT,Vanuatu,2019,0,0,0,0,1000,1000,140,138
1888,VUT,Vanuatu,2020,0,0,0,0,80000,80191,64000,63965
1889,VUT,Vanuatu,2021,0,0,0,0,0,0,0,0
1890,WLF,Wallis and Futuna Islands,2021,0,0,0,0,0,0,0,0
1891,WSM,Samoa,2009,0,0,0,0,5300,5274,0,0
1892,WSM,Samoa,2011,0,0,0,0,0,0,0,0
1893,WSM,Samoa,2012,0,0,0,0,7700,7739,0,0
1894,WSM,Samoa,2014,0,0,0,0,86,86,0,0
1895,WSM,Samoa,2015,0,0,0,0,970,965,0,0
1896,WSM,Samoa,2016,0,0,0,0,63,63,0,0
1897,WSM,Samoa,2018,0,0,0,0,330,327,0,0
1898,WSM,Samoa,2020,0,0,0,0,55,55,0,0
1899,WSM,Samoa,2021,0,0,0,0,0,0,0,0
1900,XKX,Kosovo,2009,20000,19700,0,0,0,0,0,0
1901,XKX,Kosovo,2010,18000,18300,0,0,0,0,0,0
1902,XKX,Kosovo,2011,18000,18000,0,0,0,0,0,0
1903,XKX,Kosovo,2012,18000,17738,0,0,0,0,0,0
1904,XKX,Kosovo,2013,17000,17300,0,0,1000,1000,0,0
1905,XKX,Kosovo,2014,17000,17113,0,0,0,0,0,0
1906,XKX,Kosovo,2015,17000,16862,0,0,0,0,0,0
1907,XKX,Kosovo,2016,17000,16557,0,0,10,10,0,0
1908,XKX,Kosovo,2017,16000,16413,0,0,0,0,0,0
1909,XKX,Kosovo,2018,16000,16209,0,0,0,0,0,0
1910,XKX,Kosovo,2019,16000,16151,0,0,0,0,0,0
1911,XKX,Kosovo,2020,16000,16027,0,0,0,0,0,0
1912,XKX,Kosovo,2021,16000,15683,0,0,70,70,0,0
1913,YEM,Yemen,2008,0,0,0,0,22000,22000,0,0
1914,YEM,Yemen,2009,175000,175000,150000,150000,0,0,0,0
1915,YEM,Yemen,2010,226000,226000,176000,176000,1000,1000,0,0
1916,YEM,Yemen,2011,464000,463500,175000,175000,0,0,0,0
1917,YEM,Yemen,2012,385000,385000,132000,132000,0,0,0,0
1918,YEM,Yemen,2013,307000,307000,20000,20000,10000,10316,0,0
1919,YEM,Yemen,2014,334000,334090,100000,100000,0,0,0,0
1920,YEM,Yemen,2015,2509000,2509068,2175000,2174968,83000,82896,0,0
1921,YEM,Yemen,2016,1974000,1973994,478000,477747,45000,44942,0,0
1922,YEM,Yemen,2017,2014000,2014026,160000,160178,13,13,0,0
1923,YEM,Yemen,2018,2324000,2323596,252000,251964,18000,18286,0,0
1924,YEM,Yemen,2019,3635000,3634845,398000,398412,31000,31358,380,379
1925,YEM,Yemen,2020,3635000,3634845,143000,142884,223000,222948,223000,222810
1926,YEM,Yemen,2021,4289000,4288739,377000,376663,84000,84408,11000,10836
1927,ZAF,South Africa,2008,0,0,0,0,3500,3500,0,0
1928,ZAF,South Africa,2009,0,0,0,0,20000,20000,0,0
1929,ZAF,South Africa,2010,0,0,0,0,6000,6000,0,0
1930,ZAF,South Africa,2011,0,0,0,0,52000,52172,0,0
1931,ZAF,South Africa,2012,0,0,0,0,2000,2000,0,0
1932,ZAF,South Africa,2013,0,0,0,0,18000,17663,0,0
1933,ZAF,South Africa,2014,0,0,0,0,3500,3525,0,0
1934,ZAF,South Africa,2015,0,0,0,0,14,14,0,0
1935,ZAF,South Africa,2016,0,0,0,0,12000,12199,0,0
1936,ZAF,South Africa,2017,0,0,0,0,15000,14664,0,0
1937,ZAF,South Africa,2018,0,0,0,0,2100,2058,0,0
1938,ZAF,South Africa,2019,250,251,2300,2288,1700,1745,120,119
1939,ZAF,South Africa,2020,5000,5000,5000,5000,370,372,14,14
1940,ZAF,South Africa,2021,0,0,520,519,10000,10296,7800,7840
1941,ZMB,Zambia,2008,0,0,0,0,5800,5796,0,0
1942,ZMB,Zambia,2009,0,0,0,0,54000,54000,0,0
1943,ZMB,Zambia,2010,0,0,0,0,150,150,0,0
1944,ZMB,Zambia,2011,0,0,0,0,0,0,0,0
1945,ZMB,Zambia,2013,0,0,0,0,5500,5511,0,0
1946,ZMB,Zambia,2014,0,0,0,0,26000,26021,0,0
1947,ZMB,Zambia,2015,0,0,0,0,25,25,0,0
1948,ZMB,Zambia,2017,0,0,0,0,2800,2823,0,0
1949,ZMB,Zambia,2018,0,0,0,0,21,21,0,0
1950,ZMB,Zambia,2019,0,0,0,0,1300,1305,53,53
1951,ZMB,Zambia,2020,0,0,0,0,6000,5974,1000,1041
1952,ZMB,Zambia,2021,0,0,0,0,1300,1325,220,222
1953,ZWE,Zimbabwe,2009,0,0,15000,15000,0,0,0,0
1954,ZWE,Zimbabwe,2010,0,0,0,0,0,0,0,0
1955,ZWE,Zimbabwe,2011,0,0,0,0,0,0,0,0
1956,ZWE,Zimbabwe,2012,0,0,280,280,0,0,0,0
1957,ZWE,Zimbabwe,2013,0,0,0,0,44000,43809,0,0
1958,ZWE,Zimbabwe,2014,0,0,0,0,23000,22510,0,0
1959,ZWE,Zimbabwe,2015,0,0,0,0,800,800,0,0
1960,ZWE,Zimbabwe,2016,0,0,0,0,400,400,0,0
1961,ZWE,Zimbabwe,2017,0,0,0,0,10000,10270,0,0
1962,ZWE,Zimbabwe,2018,0,0,0,0,1100,1064,0,0
1963,ZWE,Zimbabwe,2019,0,0,0,0,52000,52305,52000,52000
1964,ZWE,Zimbabwe,2020,0,0,0,0,380,383,21000,20820
1965,ZWE,Zimbabwe,2021,0,0,0,0,2400,2354,43000,42878
